Using pre-set license
Built from '2022.3/release' branch; Version is '2022.3.61f1 (6c53ebaf375d) revision 7099371'; Using compiler version '192829333'; Build Type 'Release'
OS: 'Windows 11  (10.0.26200) 64bit Professional' Language: 'pt' Physical Memory: 16269 MB
BatchMode: 1, IsHumanControllingUs: 0, StartBugReporterOnCrash: 0, Is64bit: 1, IsPro: 1

COMMAND LINE ARGUMENTS:
C:\Program Files\Unity\Hub\Editor\2022.3.61f1\Editor\Unity.exe
-adb2
-batchMode
-noUpm
-name
AssetImportWorker0
-projectPath
C:/Users/Admin/Documents/GitHub/GameMechanics/ProjectOne
-logFile
Logs/AssetImportWorker0.log
-srvPort
54607
Successfully changed project path to: C:/Users/Admin/Documents/GitHub/GameMechanics/ProjectOne
C:/Users/Admin/Documents/GitHub/GameMechanics/ProjectOne
[UnityMemory] Configuration Parameters - Can be set up in boot.config
    "memorysetup-bucket-allocator-granularity=16"
    "memorysetup-bucket-allocator-bucket-count=8"
    "memorysetup-bucket-allocator-block-size=33554432"
    "memorysetup-bucket-allocator-block-count=8"
    "memorysetup-main-allocator-block-size=16777216"
    "memorysetup-thread-allocator-block-size=16777216"
    "memorysetup-gfx-main-allocator-block-size=16777216"
    "memorysetup-gfx-thread-allocator-block-size=16777216"
    "memorysetup-cache-allocator-block-size=4194304"
    "memorysetup-typetree-allocator-block-size=2097152"
    "memorysetup-profiler-bucket-allocator-granularity=16"
    "memorysetup-profiler-bucket-allocator-bucket-count=8"
    "memorysetup-profiler-bucket-allocator-block-size=33554432"
    "memorysetup-profiler-bucket-allocator-block-count=8"
    "memorysetup-profiler-allocator-block-size=16777216"
    "memorysetup-profiler-editor-allocator-block-size=1048576"
    "memorysetup-temp-allocator-size-main=16777216"
    "memorysetup-job-temp-allocator-block-size=2097152"
    "memorysetup-job-temp-allocator-block-size-background=1048576"
    "memorysetup-job-temp-allocator-reduction-small-platforms=262144"
    "memorysetup-allocator-temp-initial-block-size-main=262144"
    "memorysetup-allocator-temp-initial-block-size-worker=262144"
    "memorysetup-temp-allocator-size-background-worker=32768"
    "memorysetup-temp-allocator-size-job-worker=262144"
    "memorysetup-temp-allocator-size-preload-manager=33554432"
    "memorysetup-temp-allocator-size-nav-mesh-worker=65536"
    "memorysetup-temp-allocator-size-audio-worker=65536"
    "memorysetup-temp-allocator-size-cloud-worker=32768"
    "memorysetup-temp-allocator-size-gi-baking-worker=262144"
    "memorysetup-temp-allocator-size-gfx=262144"
Player connection [22672]  Target information:

Player connection [22672]  * "[IP] 26.209.211.77 [Port] 0 [Flags] 2 [Guid] 1280794020 [EditorId] 1280794020 [Version] 1048832 [Id] WindowsEditor(7,R2D2) [Debug] 1 [PackageName] WindowsEditor [ProjectName] Editor" 

Player connection [22672]  * "[IP] 192.168.0.151 [Port] 0 [Flags] 2 [Guid] 1280794020 [EditorId] 1280794020 [Version] 1048832 [Id] WindowsEditor(7,R2D2) [Debug] 1 [PackageName] WindowsEditor [ProjectName] Editor" 

Player connection [22672] Host joined multi-casting on [225.0.0.222:54997]...
Player connection [22672] Host joined alternative multi-casting on [225.0.0.222:34997]...
Input System module state changed to: Initialized.
[PhysX] Initialized MultithreadedTaskDispatcher with 12 workers.
Refreshing native plugins compatible for Editor in 19.88 ms, found 4 plugins.
Preloading 0 native plugins for Editor in 0.00 ms.
Initialize engine version: 2022.3.61f1 (6c53ebaf375d)
[Subsystems] Discovering subsystems at path C:/Program Files/Unity/Hub/Editor/2022.3.61f1/Editor/Data/Resources/UnitySubsystems
[Subsystems] Discovering subsystems at path C:/Users/Admin/Documents/GitHub/GameMechanics/ProjectOne/Assets
GfxDevice: creating device client; threaded=0; jobified=0
Direct3D:
    Version:  Direct3D 11.0 [level 11.1]
    Renderer: NVIDIA GeForce RTX 2060 (ID=0x1f08)
    Vendor:   NVIDIA
    VRAM:     5954 MB
    Driver:   32.0.15.9186
Initialize mono
Mono path[0] = 'C:/Program Files/Unity/Hub/Editor/2022.3.61f1/Editor/Data/Managed'
Mono path[1] = 'C:/Program Files/Unity/Hub/Editor/2022.3.61f1/Editor/Data/MonoBleedingEdge/lib/mono/unityjit-win32'
Mono config path = 'C:/Program Files/Unity/Hub/Editor/2022.3.61f1/Editor/Data/MonoBleedingEdge/etc'
Using monoOptions --debugger-agent=transport=dt_socket,embedding=1,server=y,suspend=n,address=127.0.0.1:56200
Begin MonoManager ReloadAssembly
Registering precompiled unity dll's ...
Register platform support module: C:/Program Files/Unity/Hub/Editor/2022.3.61f1/Editor/Data/PlaybackEngines/WindowsStandaloneSupport/UnityEditor.WindowsStandalone.Extensions.dll
Register platform support module: C:/Program Files/Unity/Hub/Editor/2022.3.61f1/Editor/Data/PlaybackEngines/MetroSupport/UnityEditor.UWP.Extensions.dll
Registered in 0.016639 seconds.
- Loaded All Assemblies, in  0.380 seconds
Native extension for UWP target not found
Native extension for WindowsStandalone target not found
Mono: successfully reloaded assembly
- Finished resetting the current domain, in  0.259 seconds
Domain Reload Profiling: 636ms
	BeginReloadAssembly (122ms)
		ExecutionOrderSort (0ms)
		DisableScriptedObjects (0ms)
		BackupInstance (0ms)
		ReleaseScriptingObjects (0ms)
		CreateAndSetChildDomain (1ms)
	RebuildCommonClasses (32ms)
	RebuildNativeTypeToScriptingClass (9ms)
	initialDomainReloadingComplete (74ms)
	LoadAllAssembliesAndSetupDomain (139ms)
		LoadAssemblies (118ms)
		RebuildTransferFunctionScriptingTraits (0ms)
		AnalyzeDomain (137ms)
			TypeCache.Refresh (136ms)
				TypeCache.ScanAssembly (123ms)
			ScanForSourceGeneratedMonoScriptInfo (0ms)
			ResolveRequiredComponents (1ms)
	FinalizeReload (259ms)
		ReleaseScriptCaches (0ms)
		RebuildScriptCaches (0ms)
		SetupLoadedEditorAssemblies (218ms)
			LogAssemblyErrors (0ms)
			InitializePlatformSupportModulesInManaged (14ms)
			SetLoadedEditorAssemblies (5ms)
			RefreshPlugins (0ms)
			BeforeProcessingInitializeOnLoad (2ms)
			ProcessInitializeOnLoadAttributes (149ms)
			ProcessInitializeOnLoadMethodAttributes (48ms)
			AfterProcessingInitializeOnLoad (0ms)
			EditorAssembliesLoaded (0ms)
		ExecutionOrderSort2 (0ms)
		AwakeInstancesAfterBackupRestoration (0ms)
========================================================================
Worker process is ready to serve import requests
Caller must complete domain reload
Begin MonoManager ReloadAssembly
- Loaded All Assemblies, in  0.619 seconds
Native extension for UWP target not found
Native extension for WindowsStandalone target not found
Mono: successfully reloaded assembly
- Finished resetting the current domain, in  0.547 seconds
Domain Reload Profiling: 1162ms
	BeginReloadAssembly (146ms)
		ExecutionOrderSort (0ms)
		DisableScriptedObjects (5ms)
		BackupInstance (0ms)
		ReleaseScriptingObjects (0ms)
		CreateAndSetChildDomain (26ms)
	RebuildCommonClasses (28ms)
	RebuildNativeTypeToScriptingClass (8ms)
	initialDomainReloadingComplete (43ms)
	LoadAllAssembliesAndSetupDomain (389ms)
		LoadAssemblies (329ms)
		RebuildTransferFunctionScriptingTraits (0ms)
		AnalyzeDomain (143ms)
			TypeCache.Refresh (120ms)
				TypeCache.ScanAssembly (105ms)
			ScanForSourceGeneratedMonoScriptInfo (17ms)
			ResolveRequiredComponents (4ms)
	FinalizeReload (547ms)
		ReleaseScriptCaches (0ms)
		RebuildScriptCaches (0ms)
		SetupLoadedEditorAssemblies (422ms)
			LogAssemblyErrors (0ms)
			InitializePlatformSupportModulesInManaged (8ms)
			SetLoadedEditorAssemblies (4ms)
			RefreshPlugins (0ms)
			BeforeProcessingInitializeOnLoad (72ms)
			ProcessInitializeOnLoadAttributes (292ms)
			ProcessInitializeOnLoadMethodAttributes (35ms)
			AfterProcessingInitializeOnLoad (10ms)
			EditorAssembliesLoaded (0ms)
		ExecutionOrderSort2 (0ms)
		AwakeInstancesAfterBackupRestoration (7ms)
Launched and connected shader compiler UnityShaderCompiler.exe after 0.05 seconds
Refreshing native plugins compatible for Editor in 12.04 ms, found 4 plugins.
Preloading 0 native plugins for Editor in 0.00 ms.
Unloading 3997 Unused Serialized files (Serialized files now loaded: 0)
Unloading 38 unused Assets / (241.7 KB). Loaded Objects now: 4460.
Memory consumption went from 139.7 MB to 139.4 MB.
Total: 4.112600 ms (FindLiveObjects: 0.294000 ms CreateObjectMapping: 0.235300 ms MarkObjects: 3.385900 ms  DeleteObjects: 0.196200 ms)

AssetImportParameters requested are different than current active one (requested -> active):
  custom:container-demuxer-ogg: 62fdf1f143b41e24485cea50d1cbac27 -> 
  custom:video-codec-MediaFoundation-h265: 746d11721c4dcdbdad8f713fa42b33f4 -> 
  custom:video-decoder-ogg-theora: a1e56fd34408186e4bbccfd4996cb3dc -> 
  custom:framework-win-MediaFoundation: 216162199b28c13a410421893ffa2e32 -> 
  custom:CustomObjectIndexerAttribute: 9a22284fe3817be447336de3de66b15e -> 
  custom:container-demuxer-webm: 4f35f7cbe854078d1ac9338744f61a02 -> 
  custom:container-muxer-webm: aa71ff27fc2769a1b78a27578f13a17b -> 
  custom:video-decoder-webm-vp8: 9c59270c3fd7afecdb556c50c9e8de78 -> 
  custom:SearchIndexIgnoredProperties: e643bd26f0fe6173181afceb89e7c659 -> 
  custom:AudioImporter_EditorPlatform: d09bf68614088b80899f8185d706f6e7 -> 
  custom:video-encoder-webm-vp8: eb34c28f22e8b96e1ab97ce403110664 -> 
  custom:audio-decoder-ogg-vorbis: bf7c407c2cedff20999df2af8eb42d56 -> 
  custom:audio-encoder-webm-vorbis: bf7c407c2cedff20999df2af8eb42d56 -> 
========================================================================
Received Import Request.
  Time since last request: 692836.315454 seconds.
  path: Assets/Scenes/pongProject.unity
  artifactKey: Guid(a8b6f8abcc5996547b8aa8b7a2a30273) Importer(815301076,1909f56bfc062723c751e8b465ee728b)
Start importing Assets/Scenes/pongProject.unity using Guid(a8b6f8abcc5996547b8aa8b7a2a30273) Importer(815301076,1909f56bfc062723c751e8b465ee728b) [PhysX] Initialized MultithreadedTaskDispatcher with 12 workers.
 -> (artifact id: '257e674b5145d670d69705939b76ab87') in 0.002141 seconds
Number of updated asset objects reloaded before import = 0
Number of asset objects unloaded after import = 0
========================================================================
Received Import Request.
  Time since last request: 2245.997064 seconds.
  path: Assets/Prefabs/Invader_01.prefab
  artifactKey: Guid(65e26581a25e3cf449510b9a503d63a4) Importer(815301076,1909f56bfc062723c751e8b465ee728b)
Start importing Assets/Prefabs/Invader_01.prefab using Guid(65e26581a25e3cf449510b9a503d63a4) Importer(815301076,1909f56bfc062723c751e8b465ee728b) [PhysX] Initialized MultithreadedTaskDispatcher with 12 workers.
[PhysX] Initialized MultithreadedTaskDispatcher with 12 workers.
 -> (artifact id: '6da751a2e76af374a1dfaef7b42b7933') in 0.103417 seconds
Number of updated asset objects reloaded before import = 0
Number of asset objects unloaded after import = 18
========================================================================
Received Import Request.
  Time since last request: 0.000028 seconds.
  path: Assets/Prefabs/InvaderBase.prefab
  artifactKey: Guid(0844d37cab0109d46a057784796b3b45) Importer(815301076,1909f56bfc062723c751e8b465ee728b)
Start importing Assets/Prefabs/InvaderBase.prefab using Guid(0844d37cab0109d46a057784796b3b45) Importer(815301076,1909f56bfc062723c751e8b465ee728b) [PhysX] Initialized MultithreadedTaskDispatcher with 12 workers.
 -> (artifact id: '271d820b0b34212a000f5a54b529492d') in 0.002631 seconds
Number of updated asset objects reloaded before import = 0
Number of asset objects unloaded after import = 7
========================================================================
Received Import Request.
  Time since last request: 9.603831 seconds.
  path: Assets/Pong
  artifactKey: Guid(9600ba5836f0e844591b9e8ebbdfe309) Importer(815301076,1909f56bfc062723c751e8b465ee728b)
Start importing Assets/Pong using Guid(9600ba5836f0e844591b9e8ebbdfe309) Importer(815301076,1909f56bfc062723c751e8b465ee728b) [PhysX] Initialized MultithreadedTaskDispatcher with 12 workers.
 -> (artifact id: '5802d26c8dac578144099958844b2f45') in 0.001108 seconds
Number of updated asset objects reloaded before import = 0
Number of asset objects unloaded after import = 0
========================================================================
Received Import Request.
  Time since last request: 8.091314 seconds.
  path: Assets/Pong/Scripts
  artifactKey: Guid(a584ffafbdd6401469d7ef1d831db1e8) Importer(815301076,1909f56bfc062723c751e8b465ee728b)
Start importing Assets/Pong/Scripts using Guid(a584ffafbdd6401469d7ef1d831db1e8) Importer(815301076,1909f56bfc062723c751e8b465ee728b) [PhysX] Initialized MultithreadedTaskDispatcher with 12 workers.
 -> (artifact id: '2719816d4b43296d2e9f3913e7c8880a') in 0.000997 seconds
Number of updated asset objects reloaded before import = 0
Number of asset objects unloaded after import = 0
========================================================================
Received Import Request.
  Time since last request: 6.011415 seconds.
  path: Assets/Pong/Scripts/New Folder
  artifactKey: Guid(e51f0b77f2cd1914da05398f1516f8e8) Importer(815301076,1909f56bfc062723c751e8b465ee728b)
Start importing Assets/Pong/Scripts/New Folder using Guid(e51f0b77f2cd1914da05398f1516f8e8) Importer(815301076,1909f56bfc062723c751e8b465ee728b) [PhysX] Initialized MultithreadedTaskDispatcher with 12 workers.
 -> (artifact id: 'f2e9b24d5da8ae0d138d0b9695817430') in 0.000966 seconds
Number of updated asset objects reloaded before import = 0
Number of asset objects unloaded after import = 0
========================================================================
Received Import Request.
  Time since last request: 19.967218 seconds.
  path: Assets/Pong/Sprites
  artifactKey: Guid(299b4730292f70546a119090c3df0ff4) Importer(815301076,1909f56bfc062723c751e8b465ee728b)
Start importing Assets/Pong/Sprites using Guid(299b4730292f70546a119090c3df0ff4) Importer(815301076,1909f56bfc062723c751e8b465ee728b) [PhysX] Initialized MultithreadedTaskDispatcher with 12 workers.
 -> (artifact id: '8df48de5c892e76a8a6311f2775fdabb') in 0.000538 seconds
Number of updated asset objects reloaded before import = 0
Number of asset objects unloaded after import = 0
========================================================================
Received Import Request.
  Time since last request: 264.313230 seconds.
  path: Assets/Pong/Scripts/Ball.cs
  artifactKey: Guid(5e055898f015ebd4bae17af58b430ccd) Importer(815301076,1909f56bfc062723c751e8b465ee728b)
Start importing Assets/Pong/Scripts/Ball.cs using Guid(5e055898f015ebd4bae17af58b430ccd) Importer(815301076,1909f56bfc062723c751e8b465ee728b) [PhysX] Initialized MultithreadedTaskDispatcher with 12 workers.
 -> (artifact id: 'dde82163a890f0cb63c8bbc71224a7e0') in 0.000650 seconds
Number of updated asset objects reloaded before import = 0
Number of asset objects unloaded after import = 0
========================================================================
Received Import Request.
  Time since last request: 539.278055 seconds.
  path: Assets/Pong/Scripts/Ball.cs
  artifactKey: Guid(5e055898f015ebd4bae17af58b430ccd) Importer(815301076,1909f56bfc062723c751e8b465ee728b)
Start importing Assets/Pong/Scripts/Ball.cs using Guid(5e055898f015ebd4bae17af58b430ccd) Importer(815301076,1909f56bfc062723c751e8b465ee728b) [PhysX] Initialized MultithreadedTaskDispatcher with 12 workers.
 -> (artifact id: '366fc75dfd7899e0129d8a4d87a4491b') in 0.002635 seconds
Number of updated asset objects reloaded before import = 0
Number of asset objects unloaded after import = 0
========================================================================
Received Prepare
Caller must complete domain reload
Begin MonoManager ReloadAssembly
- Loaded All Assemblies, in  2.542 seconds
Native extension for UWP target not found
Native extension for WindowsStandalone target not found
Mono: successfully reloaded assembly
- Finished resetting the current domain, in  0.719 seconds
Domain Reload Profiling: 3256ms
	BeginReloadAssembly (1999ms)
		ExecutionOrderSort (0ms)
		DisableScriptedObjects (1558ms)
		BackupInstance (0ms)
		ReleaseScriptingObjects (1ms)
		CreateAndSetChildDomain (237ms)
	RebuildCommonClasses (36ms)
	RebuildNativeTypeToScriptingClass (8ms)
	initialDomainReloadingComplete (50ms)
	LoadAllAssembliesAndSetupDomain (443ms)
		LoadAssemblies (532ms)
		RebuildTransferFunctionScriptingTraits (0ms)
		AnalyzeDomain (39ms)
			TypeCache.Refresh (14ms)
				TypeCache.ScanAssembly (0ms)
			ScanForSourceGeneratedMonoScriptInfo (15ms)
			ResolveRequiredComponents (8ms)
	FinalizeReload (720ms)
		ReleaseScriptCaches (0ms)
		RebuildScriptCaches (0ms)
		SetupLoadedEditorAssemblies (507ms)
			LogAssemblyErrors (0ms)
			InitializePlatformSupportModulesInManaged (11ms)
			SetLoadedEditorAssemblies (6ms)
			RefreshPlugins (0ms)
			BeforeProcessingInitializeOnLoad (100ms)
			ProcessInitializeOnLoadAttributes (347ms)
			ProcessInitializeOnLoadMethodAttributes (32ms)
			AfterProcessingInitializeOnLoad (11ms)
			EditorAssembliesLoaded (0ms)
		ExecutionOrderSort2 (0ms)
		AwakeInstancesAfterBackupRestoration (14ms)
Refreshing native plugins compatible for Editor in 8.58 ms, found 4 plugins.
Preloading 0 native plugins for Editor in 0.00 ms.
Unloading 3992 Unused Serialized files (Serialized files now loaded: 0)
Unloading 25 unused Assets / (213.8 KB). Loaded Objects now: 4474.
Memory consumption went from 143.2 MB to 143.0 MB.
Total: 4.713800 ms (FindLiveObjects: 0.374500 ms CreateObjectMapping: 0.277900 ms MarkObjects: 3.857300 ms  DeleteObjects: 0.202600 ms)

Prepare: number of updated asset objects reloaded= 0
AssetImportParameters requested are different than current active one (requested -> active):
  custom:container-demuxer-ogg: 62fdf1f143b41e24485cea50d1cbac27 -> 
  custom:video-codec-MediaFoundation-h265: 746d11721c4dcdbdad8f713fa42b33f4 -> 
  custom:video-decoder-ogg-theora: a1e56fd34408186e4bbccfd4996cb3dc -> 
  custom:scripting/monoscript/fileName/Invader.cs: bc8018b0a4551e76ce57f1bfe4f45132 -> 
  custom:framework-win-MediaFoundation: 216162199b28c13a410421893ffa2e32 -> 
  custom:scripting/monoscript/fileName/Ball.cs: 049c2654812ca44acca88f91a5e04467 -> 
  custom:CustomObjectIndexerAttribute: 9a22284fe3817be447336de3de66b15e -> 
  custom:container-demuxer-webm: 4f35f7cbe854078d1ac9338744f61a02 -> 
  custom:scripting/monoscript/fileName/ReadmeEditorBE2.cs: 7c683de7920091651a1855ead847a9ed -> 
  custom:container-muxer-webm: aa71ff27fc2769a1b78a27578f13a17b -> 
  custom:video-decoder-webm-vp8: 9c59270c3fd7afecdb556c50c9e8de78 -> 
  custom:SearchIndexIgnoredProperties: e643bd26f0fe6173181afceb89e7c659 -> 
  custom:AudioImporter_EditorPlatform: d09bf68614088b80899f8185d706f6e7 -> 
  custom:video-encoder-webm-vp8: eb34c28f22e8b96e1ab97ce403110664 -> 
  custom:scripting/monoscript/fileName/player.cs: b1b0b99e0fbd8450a8ac2481988cbaeb -> 
  custom:audio-decoder-ogg-vorbis: bf7c407c2cedff20999df2af8eb42d56 -> 
  custom:audio-encoder-webm-vorbis: bf7c407c2cedff20999df2af8eb42d56 -> 
  custom:scripting/precompiled-assembly-types:Assembly-CSharp-Editor: 4625f14833293805eac6473e9ededd3d -> 
  custom:scripting/monoscript/fileName/Invaders.cs: 17af7eaa61d80138f512b3fb56ba472e -> 
  custom:scripting/monoscript/fileName/ReadmeBE2.cs: 58225e84b3d3bbd69cbb8d72823e69ce -> 
  custom:scripting/precompiled-assembly-types:Assembly-CSharp: a7fb4362c98c01a8792643fb65dd3b31 -> 
========================================================================
Received Prepare
Caller must complete domain reload
Begin MonoManager ReloadAssembly
- Loaded All Assemblies, in  0.532 seconds
Native extension for UWP target not found
Native extension for WindowsStandalone target not found
Mono: successfully reloaded assembly
- Finished resetting the current domain, in  1.258 seconds
Domain Reload Profiling: 1783ms
	BeginReloadAssembly (164ms)
		ExecutionOrderSort (0ms)
		DisableScriptedObjects (11ms)
		BackupInstance (0ms)
		ReleaseScriptingObjects (0ms)
		CreateAndSetChildDomain (31ms)
	RebuildCommonClasses (30ms)
	RebuildNativeTypeToScriptingClass (9ms)
	initialDomainReloadingComplete (42ms)
	LoadAllAssembliesAndSetupDomain (281ms)
		LoadAssemblies (359ms)
		RebuildTransferFunctionScriptingTraits (0ms)
		AnalyzeDomain (13ms)
			TypeCache.Refresh (7ms)
				TypeCache.ScanAssembly (0ms)
			ScanForSourceGeneratedMonoScriptInfo (0ms)
			ResolveRequiredComponents (5ms)
	FinalizeReload (1258ms)
		ReleaseScriptCaches (0ms)
		RebuildScriptCaches (0ms)
		SetupLoadedEditorAssemblies (445ms)
			LogAssemblyErrors (0ms)
			InitializePlatformSupportModulesInManaged (9ms)
			SetLoadedEditorAssemblies (5ms)
			RefreshPlugins (0ms)
			BeforeProcessingInitializeOnLoad (86ms)
			ProcessInitializeOnLoadAttributes (297ms)
			ProcessInitializeOnLoadMethodAttributes (37ms)
			AfterProcessingInitializeOnLoad (12ms)
			EditorAssembliesLoaded (0ms)
		ExecutionOrderSort2 (0ms)
		AwakeInstancesAfterBackupRestoration (15ms)
Refreshing native plugins compatible for Editor in 8.72 ms, found 4 plugins.
Preloading 0 native plugins for Editor in 0.00 ms.
Unloading 3993 Unused Serialized files (Serialized files now loaded: 0)
Unloading 25 unused Assets / (213.6 KB). Loaded Objects now: 4478.
Memory consumption went from 143.5 MB to 143.3 MB.
Total: 4.052300 ms (FindLiveObjects: 0.479900 ms CreateObjectMapping: 0.294700 ms MarkObjects: 3.086100 ms  DeleteObjects: 0.190100 ms)

Prepare: number of updated asset objects reloaded= 0
AssetImportParameters requested are different than current active one (requested -> active):
  custom:container-demuxer-ogg: 62fdf1f143b41e24485cea50d1cbac27 -> 
  custom:video-codec-MediaFoundation-h265: 746d11721c4dcdbdad8f713fa42b33f4 -> 
  custom:video-decoder-ogg-theora: a1e56fd34408186e4bbccfd4996cb3dc -> 
  custom:scripting/monoscript/fileName/Invader.cs: bc8018b0a4551e76ce57f1bfe4f45132 -> 
  custom:framework-win-MediaFoundation: 216162199b28c13a410421893ffa2e32 -> 
  custom:scripting/monoscript/fileName/Ball.cs: 049c2654812ca44acca88f91a5e04467 -> 
  custom:CustomObjectIndexerAttribute: 9a22284fe3817be447336de3de66b15e -> 
  custom:container-demuxer-webm: 4f35f7cbe854078d1ac9338744f61a02 -> 
  custom:scripting/monoscript/fileName/ReadmeEditorBE2.cs: 7c683de7920091651a1855ead847a9ed -> 
  custom:container-muxer-webm: aa71ff27fc2769a1b78a27578f13a17b -> 
  custom:video-decoder-webm-vp8: 9c59270c3fd7afecdb556c50c9e8de78 -> 
  custom:SearchIndexIgnoredProperties: e643bd26f0fe6173181afceb89e7c659 -> 
  custom:AudioImporter_EditorPlatform: d09bf68614088b80899f8185d706f6e7 -> 
  custom:video-encoder-webm-vp8: eb34c28f22e8b96e1ab97ce403110664 -> 
  custom:scripting/monoscript/fileName/player.cs: b1b0b99e0fbd8450a8ac2481988cbaeb -> 
  custom:audio-decoder-ogg-vorbis: bf7c407c2cedff20999df2af8eb42d56 -> 
  custom:audio-encoder-webm-vorbis: bf7c407c2cedff20999df2af8eb42d56 -> 
  custom:scripting/precompiled-assembly-types:Assembly-CSharp-Editor: 4625f14833293805eac6473e9ededd3d -> 
  custom:scripting/monoscript/fileName/Invaders.cs: 17af7eaa61d80138f512b3fb56ba472e -> 
  custom:scripting/monoscript/fileName/ReadmeBE2.cs: 58225e84b3d3bbd69cbb8d72823e69ce -> 
  custom:scripting/precompiled-assembly-types:Assembly-CSharp: a7fb4362c98c01a8792643fb65dd3b31 -> 
========================================================================
Received Prepare
Caller must complete domain reload
Begin MonoManager ReloadAssembly
- Loaded All Assemblies, in  0.503 seconds
Native extension for UWP target not found
Native extension for WindowsStandalone target not found
Mono: successfully reloaded assembly
- Finished resetting the current domain, in  1.324 seconds
Domain Reload Profiling: 1822ms
	BeginReloadAssembly (164ms)
		ExecutionOrderSort (0ms)
		DisableScriptedObjects (11ms)
		BackupInstance (0ms)
		ReleaseScriptingObjects (0ms)
		CreateAndSetChildDomain (37ms)
	RebuildCommonClasses (27ms)
	RebuildNativeTypeToScriptingClass (8ms)
	initialDomainReloadingComplete (33ms)
	LoadAllAssembliesAndSetupDomain (265ms)
		LoadAssemblies (335ms)
		RebuildTransferFunctionScriptingTraits (0ms)
		AnalyzeDomain (15ms)
			TypeCache.Refresh (8ms)
				TypeCache.ScanAssembly (0ms)
			ScanForSourceGeneratedMonoScriptInfo (0ms)
			ResolveRequiredComponents (5ms)
	FinalizeReload (1325ms)
		ReleaseScriptCaches (0ms)
		RebuildScriptCaches (0ms)
		SetupLoadedEditorAssemblies (461ms)
			LogAssemblyErrors (0ms)
			InitializePlatformSupportModulesInManaged (9ms)
			SetLoadedEditorAssemblies (4ms)
			RefreshPlugins (0ms)
			BeforeProcessingInitializeOnLoad (86ms)
			ProcessInitializeOnLoadAttributes (311ms)
			ProcessInitializeOnLoadMethodAttributes (37ms)
			AfterProcessingInitializeOnLoad (13ms)
			EditorAssembliesLoaded (0ms)
		ExecutionOrderSort2 (0ms)
		AwakeInstancesAfterBackupRestoration (17ms)
Refreshing native plugins compatible for Editor in 7.75 ms, found 4 plugins.
Preloading 0 native plugins for Editor in 0.00 ms.
Unloading 3993 Unused Serialized files (Serialized files now loaded: 0)
Unloading 25 unused Assets / (213.7 KB). Loaded Objects now: 4482.
Memory consumption went from 143.5 MB to 143.3 MB.
Total: 4.057700 ms (FindLiveObjects: 0.328600 ms CreateObjectMapping: 0.278900 ms MarkObjects: 3.236200 ms  DeleteObjects: 0.211700 ms)

Prepare: number of updated asset objects reloaded= 0
AssetImportParameters requested are different than current active one (requested -> active):
  custom:container-demuxer-ogg: 62fdf1f143b41e24485cea50d1cbac27 -> 
  custom:video-codec-MediaFoundation-h265: 746d11721c4dcdbdad8f713fa42b33f4 -> 
  custom:video-decoder-ogg-theora: a1e56fd34408186e4bbccfd4996cb3dc -> 
  custom:scripting/monoscript/fileName/Invader.cs: bc8018b0a4551e76ce57f1bfe4f45132 -> 
  custom:framework-win-MediaFoundation: 216162199b28c13a410421893ffa2e32 -> 
  custom:scripting/monoscript/fileName/Ball.cs: 049c2654812ca44acca88f91a5e04467 -> 
  custom:CustomObjectIndexerAttribute: 9a22284fe3817be447336de3de66b15e -> 
  custom:container-demuxer-webm: 4f35f7cbe854078d1ac9338744f61a02 -> 
  custom:scripting/monoscript/fileName/ReadmeEditorBE2.cs: 7c683de7920091651a1855ead847a9ed -> 
  custom:container-muxer-webm: aa71ff27fc2769a1b78a27578f13a17b -> 
  custom:video-decoder-webm-vp8: 9c59270c3fd7afecdb556c50c9e8de78 -> 
  custom:SearchIndexIgnoredProperties: e643bd26f0fe6173181afceb89e7c659 -> 
  custom:AudioImporter_EditorPlatform: d09bf68614088b80899f8185d706f6e7 -> 
  custom:video-encoder-webm-vp8: eb34c28f22e8b96e1ab97ce403110664 -> 
  custom:scripting/monoscript/fileName/player.cs: b1b0b99e0fbd8450a8ac2481988cbaeb -> 
  custom:audio-decoder-ogg-vorbis: bf7c407c2cedff20999df2af8eb42d56 -> 
  custom:audio-encoder-webm-vorbis: bf7c407c2cedff20999df2af8eb42d56 -> 
  custom:scripting/precompiled-assembly-types:Assembly-CSharp-Editor: 4625f14833293805eac6473e9ededd3d -> 
  custom:scripting/monoscript/fileName/Invaders.cs: 17af7eaa61d80138f512b3fb56ba472e -> 
  custom:scripting/monoscript/fileName/ReadmeBE2.cs: 58225e84b3d3bbd69cbb8d72823e69ce -> 
  custom:scripting/precompiled-assembly-types:Assembly-CSharp: a7fb4362c98c01a8792643fb65dd3b31 -> 
========================================================================
Received Prepare
Caller must complete domain reload
Begin MonoManager ReloadAssembly
- Loaded All Assemblies, in  0.505 seconds
Native extension for UWP target not found
Native extension for WindowsStandalone target not found
Mono: successfully reloaded assembly
- Finished resetting the current domain, in  1.292 seconds
Domain Reload Profiling: 1791ms
	BeginReloadAssembly (169ms)
		ExecutionOrderSort (0ms)
		DisableScriptedObjects (10ms)
		BackupInstance (0ms)
		ReleaseScriptingObjects (0ms)
		CreateAndSetChildDomain (36ms)
	RebuildCommonClasses (28ms)
	RebuildNativeTypeToScriptingClass (8ms)
	initialDomainReloadingComplete (33ms)
	LoadAllAssembliesAndSetupDomain (260ms)
		LoadAssemblies (338ms)
		RebuildTransferFunctionScriptingTraits (0ms)
		AnalyzeDomain (13ms)
			TypeCache.Refresh (6ms)
				TypeCache.ScanAssembly (0ms)
			ScanForSourceGeneratedMonoScriptInfo (0ms)
			ResolveRequiredComponents (5ms)
	FinalizeReload (1293ms)
		ReleaseScriptCaches (0ms)
		RebuildScriptCaches (0ms)
		SetupLoadedEditorAssemblies (460ms)
			LogAssemblyErrors (0ms)
			InitializePlatformSupportModulesInManaged (9ms)
			SetLoadedEditorAssemblies (5ms)
			RefreshPlugins (0ms)
			BeforeProcessingInitializeOnLoad (91ms)
			ProcessInitializeOnLoadAttributes (310ms)
			ProcessInitializeOnLoadMethodAttributes (35ms)
			AfterProcessingInitializeOnLoad (10ms)
			EditorAssembliesLoaded (0ms)
		ExecutionOrderSort2 (0ms)
		AwakeInstancesAfterBackupRestoration (13ms)
Refreshing native plugins compatible for Editor in 8.93 ms, found 4 plugins.
Preloading 0 native plugins for Editor in 0.00 ms.
Unloading 3993 Unused Serialized files (Serialized files now loaded: 0)
Unloading 25 unused Assets / (213.6 KB). Loaded Objects now: 4486.
Memory consumption went from 143.5 MB to 143.3 MB.
Total: 3.854200 ms (FindLiveObjects: 0.312500 ms CreateObjectMapping: 0.206300 ms MarkObjects: 3.131700 ms  DeleteObjects: 0.202600 ms)

Prepare: number of updated asset objects reloaded= 0
AssetImportParameters requested are different than current active one (requested -> active):
  custom:container-demuxer-ogg: 62fdf1f143b41e24485cea50d1cbac27 -> 
  custom:video-codec-MediaFoundation-h265: 746d11721c4dcdbdad8f713fa42b33f4 -> 
  custom:video-decoder-ogg-theora: a1e56fd34408186e4bbccfd4996cb3dc -> 
  custom:scripting/monoscript/fileName/Invader.cs: bc8018b0a4551e76ce57f1bfe4f45132 -> 
  custom:framework-win-MediaFoundation: 216162199b28c13a410421893ffa2e32 -> 
  custom:scripting/monoscript/fileName/Ball.cs: 049c2654812ca44acca88f91a5e04467 -> 
  custom:CustomObjectIndexerAttribute: 9a22284fe3817be447336de3de66b15e -> 
  custom:container-demuxer-webm: 4f35f7cbe854078d1ac9338744f61a02 -> 
  custom:scripting/monoscript/fileName/ReadmeEditorBE2.cs: 7c683de7920091651a1855ead847a9ed -> 
  custom:container-muxer-webm: aa71ff27fc2769a1b78a27578f13a17b -> 
  custom:video-decoder-webm-vp8: 9c59270c3fd7afecdb556c50c9e8de78 -> 
  custom:SearchIndexIgnoredProperties: e643bd26f0fe6173181afceb89e7c659 -> 
  custom:AudioImporter_EditorPlatform: d09bf68614088b80899f8185d706f6e7 -> 
  custom:video-encoder-webm-vp8: eb34c28f22e8b96e1ab97ce403110664 -> 
  custom:scripting/monoscript/fileName/player.cs: b1b0b99e0fbd8450a8ac2481988cbaeb -> 
  custom:audio-decoder-ogg-vorbis: bf7c407c2cedff20999df2af8eb42d56 -> 
  custom:audio-encoder-webm-vorbis: bf7c407c2cedff20999df2af8eb42d56 -> 
  custom:scripting/precompiled-assembly-types:Assembly-CSharp-Editor: 4625f14833293805eac6473e9ededd3d -> 
  custom:scripting/monoscript/fileName/Invaders.cs: 17af7eaa61d80138f512b3fb56ba472e -> 
  custom:scripting/monoscript/fileName/ReadmeBE2.cs: 58225e84b3d3bbd69cbb8d72823e69ce -> 
  custom:scripting/precompiled-assembly-types:Assembly-CSharp: a7fb4362c98c01a8792643fb65dd3b31 -> 
========================================================================
Received Import Request.
  Time since last request: 331.517057 seconds.
  path: Assets/Pong/Ballcing.physicsMaterial2D
  artifactKey: Guid(7233331c519f93342ba23a5a7d4d0b8d) Importer(815301076,1909f56bfc062723c751e8b465ee728b)
Start importing Assets/Pong/Ballcing.physicsMaterial2D using Guid(7233331c519f93342ba23a5a7d4d0b8d) Importer(815301076,1909f56bfc062723c751e8b465ee728b) [PhysX] Initialized MultithreadedTaskDispatcher with 12 workers.
 -> (artifact id: '47ed9273690ca1eb3ab1c2a977e7c052') in 0.011102 seconds
Number of updated asset objects reloaded before import = 0
Number of asset objects unloaded after import = 1
========================================================================
Received Import Request.
  Time since last request: 8.336248 seconds.
  path: Assets/Pong/Bouncy.physicsMaterial2D
  artifactKey: Guid(7233331c519f93342ba23a5a7d4d0b8d) Importer(815301076,1909f56bfc062723c751e8b465ee728b)
Start importing Assets/Pong/Bouncy.physicsMaterial2D using Guid(7233331c519f93342ba23a5a7d4d0b8d) Importer(815301076,1909f56bfc062723c751e8b465ee728b) [PhysX] Initialized MultithreadedTaskDispatcher with 12 workers.
 -> (artifact id: '1d128bbb50ad0e1a005763dcf2162645') in 0.001278 seconds
Number of updated asset objects reloaded before import = 0
Number of asset objects unloaded after import = 1
========================================================================
Received Import Request.
  Time since last request: 19.554310 seconds.
  path: Assets/Pong/Bouncy.physicsMaterial2D
  artifactKey: Guid(7233331c519f93342ba23a5a7d4d0b8d) Importer(815301076,1909f56bfc062723c751e8b465ee728b)
Start importing Assets/Pong/Bouncy.physicsMaterial2D using Guid(7233331c519f93342ba23a5a7d4d0b8d) Importer(815301076,1909f56bfc062723c751e8b465ee728b) [PhysX] Initialized MultithreadedTaskDispatcher with 12 workers.
 -> (artifact id: 'a8a6263603c16c4e1463d3d1ed004680') in 0.001164 seconds
Number of updated asset objects reloaded before import = 0
Number of asset objects unloaded after import = 1
========================================================================
Received Prepare
Caller must complete domain reload
Begin MonoManager ReloadAssembly
- Loaded All Assemblies, in  0.504 seconds
Native extension for UWP target not found
Native extension for WindowsStandalone target not found
Mono: successfully reloaded assembly
- Finished resetting the current domain, in  1.312 seconds
Domain Reload Profiling: 1810ms
	BeginReloadAssembly (168ms)
		ExecutionOrderSort (0ms)
		DisableScriptedObjects (10ms)
		BackupInstance (0ms)
		ReleaseScriptingObjects (0ms)
		CreateAndSetChildDomain (36ms)
	RebuildCommonClasses (28ms)
	RebuildNativeTypeToScriptingClass (8ms)
	initialDomainReloadingComplete (34ms)
	LoadAllAssembliesAndSetupDomain (260ms)
		LoadAssemblies (338ms)
		RebuildTransferFunctionScriptingTraits (0ms)
		AnalyzeDomain (13ms)
			TypeCache.Refresh (7ms)
				TypeCache.ScanAssembly (0ms)
			ScanForSourceGeneratedMonoScriptInfo (0ms)
			ResolveRequiredComponents (5ms)
	FinalizeReload (1312ms)
		ReleaseScriptCaches (0ms)
		RebuildScriptCaches (0ms)
		SetupLoadedEditorAssemblies (451ms)
			LogAssemblyErrors (0ms)
			InitializePlatformSupportModulesInManaged (10ms)
			SetLoadedEditorAssemblies (5ms)
			RefreshPlugins (0ms)
			BeforeProcessingInitializeOnLoad (86ms)
			ProcessInitializeOnLoadAttributes (303ms)
			ProcessInitializeOnLoadMethodAttributes (36ms)
			AfterProcessingInitializeOnLoad (11ms)
			EditorAssembliesLoaded (0ms)
		ExecutionOrderSort2 (0ms)
		AwakeInstancesAfterBackupRestoration (15ms)
Refreshing native plugins compatible for Editor in 9.44 ms, found 4 plugins.
Preloading 0 native plugins for Editor in 0.00 ms.
Unloading 3992 Unused Serialized files (Serialized files now loaded: 0)
Unloading 25 unused Assets / (213.8 KB). Loaded Objects now: 4490.
Memory consumption went from 143.2 MB to 143.0 MB.
Total: 4.806000 ms (FindLiveObjects: 0.357700 ms CreateObjectMapping: 0.306200 ms MarkObjects: 3.873700 ms  DeleteObjects: 0.267300 ms)

Prepare: number of updated asset objects reloaded= 0
AssetImportParameters requested are different than current active one (requested -> active):
  custom:container-demuxer-ogg: 62fdf1f143b41e24485cea50d1cbac27 -> 
  custom:video-codec-MediaFoundation-h265: 746d11721c4dcdbdad8f713fa42b33f4 -> 
  custom:video-decoder-ogg-theora: a1e56fd34408186e4bbccfd4996cb3dc -> 
  custom:scripting/monoscript/fileName/Invader.cs: bc8018b0a4551e76ce57f1bfe4f45132 -> 
  custom:framework-win-MediaFoundation: 216162199b28c13a410421893ffa2e32 -> 
  custom:scripting/monoscript/fileName/Ball.cs: 049c2654812ca44acca88f91a5e04467 -> 
  custom:CustomObjectIndexerAttribute: 9a22284fe3817be447336de3de66b15e -> 
  custom:container-demuxer-webm: 4f35f7cbe854078d1ac9338744f61a02 -> 
  custom:scripting/monoscript/fileName/ReadmeEditorBE2.cs: 7c683de7920091651a1855ead847a9ed -> 
  custom:container-muxer-webm: aa71ff27fc2769a1b78a27578f13a17b -> 
  custom:video-decoder-webm-vp8: 9c59270c3fd7afecdb556c50c9e8de78 -> 
  custom:SearchIndexIgnoredProperties: e643bd26f0fe6173181afceb89e7c659 -> 
  custom:AudioImporter_EditorPlatform: d09bf68614088b80899f8185d706f6e7 -> 
  custom:video-encoder-webm-vp8: eb34c28f22e8b96e1ab97ce403110664 -> 
  custom:scripting/monoscript/fileName/player.cs: b1b0b99e0fbd8450a8ac2481988cbaeb -> 
  custom:audio-decoder-ogg-vorbis: bf7c407c2cedff20999df2af8eb42d56 -> 
  custom:audio-encoder-webm-vorbis: bf7c407c2cedff20999df2af8eb42d56 -> 
  custom:scripting/precompiled-assembly-types:Assembly-CSharp-Editor: 4625f14833293805eac6473e9ededd3d -> 
  custom:scripting/monoscript/fileName/Invaders.cs: 17af7eaa61d80138f512b3fb56ba472e -> 
  custom:scripting/monoscript/fileName/ReadmeBE2.cs: 58225e84b3d3bbd69cbb8d72823e69ce -> 
  custom:scripting/precompiled-assembly-types:Assembly-CSharp: a7fb4362c98c01a8792643fb65dd3b31 -> 
========================================================================
Received Prepare
Caller must complete domain reload
Begin MonoManager ReloadAssembly
- Loaded All Assemblies, in  0.555 seconds
Native extension for UWP target not found
Native extension for WindowsStandalone target not found
Mono: successfully reloaded assembly
- Finished resetting the current domain, in  1.754 seconds
Domain Reload Profiling: 2304ms
	BeginReloadAssembly (164ms)
		ExecutionOrderSort (0ms)
		DisableScriptedObjects (11ms)
		BackupInstance (0ms)
		ReleaseScriptingObjects (0ms)
		CreateAndSetChildDomain (34ms)
	RebuildCommonClasses (29ms)
	RebuildNativeTypeToScriptingClass (8ms)
	initialDomainReloadingComplete (33ms)
	LoadAllAssembliesAndSetupDomain (314ms)
		LoadAssemblies (377ms)
		RebuildTransferFunctionScriptingTraits (0ms)
		AnalyzeDomain (27ms)
			TypeCache.Refresh (11ms)
				TypeCache.ScanAssembly (0ms)
			ScanForSourceGeneratedMonoScriptInfo (9ms)
			ResolveRequiredComponents (5ms)
	FinalizeReload (1755ms)
		ReleaseScriptCaches (0ms)
		RebuildScriptCaches (0ms)
		SetupLoadedEditorAssemblies (389ms)
			LogAssemblyErrors (0ms)
			InitializePlatformSupportModulesInManaged (8ms)
			SetLoadedEditorAssemblies (4ms)
			RefreshPlugins (0ms)
			BeforeProcessingInitializeOnLoad (76ms)
			ProcessInitializeOnLoadAttributes (259ms)
			ProcessInitializeOnLoadMethodAttributes (29ms)
			AfterProcessingInitializeOnLoad (13ms)
			EditorAssembliesLoaded (0ms)
		ExecutionOrderSort2 (0ms)
		AwakeInstancesAfterBackupRestoration (13ms)
Refreshing native plugins compatible for Editor in 8.21 ms, found 4 plugins.
Preloading 0 native plugins for Editor in 0.00 ms.
Unloading 3993 Unused Serialized files (Serialized files now loaded: 0)
Unloading 25 unused Assets / (213.8 KB). Loaded Objects now: 4494.
Memory consumption went from 143.5 MB to 143.3 MB.
Total: 3.739600 ms (FindLiveObjects: 0.307300 ms CreateObjectMapping: 0.246800 ms MarkObjects: 2.976000 ms  DeleteObjects: 0.208600 ms)

Prepare: number of updated asset objects reloaded= 0
AssetImportParameters requested are different than current active one (requested -> active):
  custom:container-demuxer-ogg: 62fdf1f143b41e24485cea50d1cbac27 -> 
  custom:video-codec-MediaFoundation-h265: 746d11721c4dcdbdad8f713fa42b33f4 -> 
  custom:video-decoder-ogg-theora: a1e56fd34408186e4bbccfd4996cb3dc -> 
  custom:scripting/monoscript/fileName/Invader.cs: bc8018b0a4551e76ce57f1bfe4f45132 -> 
  custom:framework-win-MediaFoundation: 216162199b28c13a410421893ffa2e32 -> 
  custom:scripting/monoscript/fileName/Ball.cs: 049c2654812ca44acca88f91a5e04467 -> 
  custom:CustomObjectIndexerAttribute: 9a22284fe3817be447336de3de66b15e -> 
  custom:container-demuxer-webm: 4f35f7cbe854078d1ac9338744f61a02 -> 
  custom:scripting/monoscript/fileName/ReadmeEditorBE2.cs: 7c683de7920091651a1855ead847a9ed -> 
  custom:container-muxer-webm: aa71ff27fc2769a1b78a27578f13a17b -> 
  custom:video-decoder-webm-vp8: 9c59270c3fd7afecdb556c50c9e8de78 -> 
  custom:SearchIndexIgnoredProperties: e643bd26f0fe6173181afceb89e7c659 -> 
  custom:AudioImporter_EditorPlatform: d09bf68614088b80899f8185d706f6e7 -> 
  custom:video-encoder-webm-vp8: eb34c28f22e8b96e1ab97ce403110664 -> 
  custom:scripting/monoscript/fileName/player.cs: b1b0b99e0fbd8450a8ac2481988cbaeb -> 
  custom:audio-decoder-ogg-vorbis: bf7c407c2cedff20999df2af8eb42d56 -> 
  custom:audio-encoder-webm-vorbis: bf7c407c2cedff20999df2af8eb42d56 -> 
  custom:scripting/precompiled-assembly-types:Assembly-CSharp-Editor: 4625f14833293805eac6473e9ededd3d -> 
  custom:scripting/monoscript/fileName/Invaders.cs: 17af7eaa61d80138f512b3fb56ba472e -> 
  custom:scripting/monoscript/fileName/ReadmeBE2.cs: 58225e84b3d3bbd69cbb8d72823e69ce -> 
  custom:scripting/precompiled-assembly-types:Assembly-CSharp: a7fb4362c98c01a8792643fb65dd3b31 -> 
========================================================================
Received Import Request.
  Time since last request: 1310.397125 seconds.
  path: Assets/Pong/Scripts/P1.cs
  artifactKey: Guid(e9ca03406de6d1140bb9793e52a45f62) Importer(815301076,1909f56bfc062723c751e8b465ee728b)
Start importing Assets/Pong/Scripts/P1.cs using Guid(e9ca03406de6d1140bb9793e52a45f62) Importer(815301076,1909f56bfc062723c751e8b465ee728b) [PhysX] Initialized MultithreadedTaskDispatcher with 12 workers.
 -> (artifact id: '1edd7e2e6ceaf72f9183097a4e10481c') in 0.002426 seconds
Number of updated asset objects reloaded before import = 0
Number of asset objects unloaded after import = 0
========================================================================
Received Prepare
Caller must complete domain reload
Begin MonoManager ReloadAssembly
- Loaded All Assemblies, in  0.568 seconds
Native extension for UWP target not found
Native extension for WindowsStandalone target not found
Mono: successfully reloaded assembly
- Finished resetting the current domain, in  1.448 seconds
Domain Reload Profiling: 2010ms
	BeginReloadAssembly (178ms)
		ExecutionOrderSort (0ms)
		DisableScriptedObjects (10ms)
		BackupInstance (0ms)
		ReleaseScriptingObjects (0ms)
		CreateAndSetChildDomain (38ms)
	RebuildCommonClasses (39ms)
	RebuildNativeTypeToScriptingClass (10ms)
	initialDomainReloadingComplete (39ms)
	LoadAllAssembliesAndSetupDomain (296ms)
		LoadAssemblies (368ms)
		RebuildTransferFunctionScriptingTraits (0ms)
		AnalyzeDomain (27ms)
			TypeCache.Refresh (11ms)
				TypeCache.ScanAssembly (0ms)
			ScanForSourceGeneratedMonoScriptInfo (9ms)
			ResolveRequiredComponents (6ms)
	FinalizeReload (1448ms)
		ReleaseScriptCaches (0ms)
		RebuildScriptCaches (0ms)
		SetupLoadedEditorAssemblies (487ms)
			LogAssemblyErrors (0ms)
			InitializePlatformSupportModulesInManaged (45ms)
			SetLoadedEditorAssemblies (28ms)
			RefreshPlugins (0ms)
			BeforeProcessingInitializeOnLoad (107ms)
			ProcessInitializeOnLoadAttributes (261ms)
			ProcessInitializeOnLoadMethodAttributes (30ms)
			AfterProcessingInitializeOnLoad (16ms)
			EditorAssembliesLoaded (0ms)
		ExecutionOrderSort2 (0ms)
		AwakeInstancesAfterBackupRestoration (13ms)
Refreshing native plugins compatible for Editor in 9.08 ms, found 4 plugins.
Preloading 0 native plugins for Editor in 0.00 ms.
Unloading 3993 Unused Serialized files (Serialized files now loaded: 0)
Unloading 25 unused Assets / (213.8 KB). Loaded Objects now: 4499.
Memory consumption went from 143.3 MB to 143.1 MB.
Total: 3.409300 ms (FindLiveObjects: 0.280700 ms CreateObjectMapping: 0.196900 ms MarkObjects: 2.764300 ms  DeleteObjects: 0.166600 ms)

Prepare: number of updated asset objects reloaded= 0
AssetImportParameters requested are different than current active one (requested -> active):
  custom:container-demuxer-ogg: 62fdf1f143b41e24485cea50d1cbac27 -> 
  custom:video-codec-MediaFoundation-h265: 746d11721c4dcdbdad8f713fa42b33f4 -> 
  custom:video-decoder-ogg-theora: a1e56fd34408186e4bbccfd4996cb3dc -> 
  custom:scripting/monoscript/fileName/Invader.cs: bc8018b0a4551e76ce57f1bfe4f45132 -> 
  custom:framework-win-MediaFoundation: 216162199b28c13a410421893ffa2e32 -> 
  custom:scripting/monoscript/fileName/Ball.cs: 049c2654812ca44acca88f91a5e04467 -> 
  custom:CustomObjectIndexerAttribute: 9a22284fe3817be447336de3de66b15e -> 
  custom:container-demuxer-webm: 4f35f7cbe854078d1ac9338744f61a02 -> 
  custom:scripting/monoscript/fileName/ReadmeEditorBE2.cs: 7c683de7920091651a1855ead847a9ed -> 
  custom:container-muxer-webm: aa71ff27fc2769a1b78a27578f13a17b -> 
  custom:video-decoder-webm-vp8: 9c59270c3fd7afecdb556c50c9e8de78 -> 
  custom:scripting/monoscript/fileName/P1.cs: 787115c302f06f7f2e7787d41b45b09f -> 
  custom:SearchIndexIgnoredProperties: e643bd26f0fe6173181afceb89e7c659 -> 
  custom:AudioImporter_EditorPlatform: d09bf68614088b80899f8185d706f6e7 -> 
  custom:video-encoder-webm-vp8: eb34c28f22e8b96e1ab97ce403110664 -> 
  custom:scripting/monoscript/fileName/player.cs: b1b0b99e0fbd8450a8ac2481988cbaeb -> 
  custom:audio-decoder-ogg-vorbis: bf7c407c2cedff20999df2af8eb42d56 -> 
  custom:audio-encoder-webm-vorbis: bf7c407c2cedff20999df2af8eb42d56 -> 
  custom:scripting/precompiled-assembly-types:Assembly-CSharp-Editor: 4625f14833293805eac6473e9ededd3d -> 
  custom:scripting/monoscript/fileName/Invaders.cs: 17af7eaa61d80138f512b3fb56ba472e -> 
  custom:scripting/monoscript/fileName/ReadmeBE2.cs: 58225e84b3d3bbd69cbb8d72823e69ce -> 
  custom:scripting/precompiled-assembly-types:Assembly-CSharp: 43a1515652d235ed31a9f0d291e995b2 -> 
========================================================================
Received Prepare
Caller must complete domain reload
Begin MonoManager ReloadAssembly
- Loaded All Assemblies, in  0.527 seconds
Native extension for UWP target not found
Native extension for WindowsStandalone target not found
Mono: successfully reloaded assembly
- Finished resetting the current domain, in  1.138 seconds
Domain Reload Profiling: 1659ms
	BeginReloadAssembly (168ms)
		ExecutionOrderSort (0ms)
		DisableScriptedObjects (13ms)
		BackupInstance (0ms)
		ReleaseScriptingObjects (0ms)
		CreateAndSetChildDomain (36ms)
	RebuildCommonClasses (31ms)
	RebuildNativeTypeToScriptingClass (8ms)
	initialDomainReloadingComplete (35ms)
	LoadAllAssembliesAndSetupDomain (279ms)
		LoadAssemblies (340ms)
		RebuildTransferFunctionScriptingTraits (0ms)
		AnalyzeDomain (27ms)
			TypeCache.Refresh (10ms)
				TypeCache.ScanAssembly (0ms)
			ScanForSourceGeneratedMonoScriptInfo (10ms)
			ResolveRequiredComponents (6ms)
	FinalizeReload (1139ms)
		ReleaseScriptCaches (0ms)
		RebuildScriptCaches (0ms)
		SetupLoadedEditorAssemblies (386ms)
			LogAssemblyErrors (0ms)
			InitializePlatformSupportModulesInManaged (10ms)
			SetLoadedEditorAssemblies (5ms)
			RefreshPlugins (0ms)
			BeforeProcessingInitializeOnLoad (72ms)
			ProcessInitializeOnLoadAttributes (255ms)
			ProcessInitializeOnLoadMethodAttributes (34ms)
			AfterProcessingInitializeOnLoad (11ms)
			EditorAssembliesLoaded (0ms)
		ExecutionOrderSort2 (0ms)
		AwakeInstancesAfterBackupRestoration (14ms)
Refreshing native plugins compatible for Editor in 8.01 ms, found 4 plugins.
Preloading 0 native plugins for Editor in 0.00 ms.
Unloading 3994 Unused Serialized files (Serialized files now loaded: 0)
Unloading 25 unused Assets / (213.8 KB). Loaded Objects now: 4503.
Memory consumption went from 143.5 MB to 143.3 MB.
Total: 3.754200 ms (FindLiveObjects: 0.314000 ms CreateObjectMapping: 0.247000 ms MarkObjects: 3.015700 ms  DeleteObjects: 0.176200 ms)

Prepare: number of updated asset objects reloaded= 0
AssetImportParameters requested are different than current active one (requested -> active):
  custom:container-demuxer-ogg: 62fdf1f143b41e24485cea50d1cbac27 -> 
  custom:video-codec-MediaFoundation-h265: 746d11721c4dcdbdad8f713fa42b33f4 -> 
  custom:video-decoder-ogg-theora: a1e56fd34408186e4bbccfd4996cb3dc -> 
  custom:scripting/monoscript/fileName/Invader.cs: bc8018b0a4551e76ce57f1bfe4f45132 -> 
  custom:framework-win-MediaFoundation: 216162199b28c13a410421893ffa2e32 -> 
  custom:scripting/monoscript/fileName/Ball.cs: 049c2654812ca44acca88f91a5e04467 -> 
  custom:CustomObjectIndexerAttribute: 9a22284fe3817be447336de3de66b15e -> 
  custom:container-demuxer-webm: 4f35f7cbe854078d1ac9338744f61a02 -> 
  custom:scripting/monoscript/fileName/ReadmeEditorBE2.cs: 7c683de7920091651a1855ead847a9ed -> 
  custom:container-muxer-webm: aa71ff27fc2769a1b78a27578f13a17b -> 
  custom:video-decoder-webm-vp8: 9c59270c3fd7afecdb556c50c9e8de78 -> 
  custom:scripting/monoscript/fileName/P1.cs: 787115c302f06f7f2e7787d41b45b09f -> 
  custom:SearchIndexIgnoredProperties: e643bd26f0fe6173181afceb89e7c659 -> 
  custom:AudioImporter_EditorPlatform: d09bf68614088b80899f8185d706f6e7 -> 
  custom:video-encoder-webm-vp8: eb34c28f22e8b96e1ab97ce403110664 -> 
  custom:scripting/monoscript/fileName/player.cs: b1b0b99e0fbd8450a8ac2481988cbaeb -> 
  custom:audio-decoder-ogg-vorbis: bf7c407c2cedff20999df2af8eb42d56 -> 
  custom:audio-encoder-webm-vorbis: bf7c407c2cedff20999df2af8eb42d56 -> 
  custom:scripting/precompiled-assembly-types:Assembly-CSharp-Editor: 4625f14833293805eac6473e9ededd3d -> 
  custom:scripting/monoscript/fileName/Invaders.cs: 17af7eaa61d80138f512b3fb56ba472e -> 
  custom:scripting/monoscript/fileName/ReadmeBE2.cs: 58225e84b3d3bbd69cbb8d72823e69ce -> 
  custom:scripting/precompiled-assembly-types:Assembly-CSharp: 43a1515652d235ed31a9f0d291e995b2 -> 
========================================================================
Received Prepare
Caller must complete domain reload
Begin MonoManager ReloadAssembly
- Loaded All Assemblies, in  0.643 seconds
Native extension for UWP target not found
Native extension for WindowsStandalone target not found
Mono: successfully reloaded assembly
- Finished resetting the current domain, in  1.651 seconds
Domain Reload Profiling: 2288ms
	BeginReloadAssembly (202ms)
		ExecutionOrderSort (0ms)
		DisableScriptedObjects (14ms)
		BackupInstance (0ms)
		ReleaseScriptingObjects (0ms)
		CreateAndSetChildDomain (42ms)
	RebuildCommonClasses (40ms)
	RebuildNativeTypeToScriptingClass (13ms)
	initialDomainReloadingComplete (46ms)
	LoadAllAssembliesAndSetupDomain (335ms)
		LoadAssemblies (412ms)
		RebuildTransferFunctionScriptingTraits (0ms)
		AnalyzeDomain (33ms)
			TypeCache.Refresh (12ms)
				TypeCache.ScanAssembly (0ms)
			ScanForSourceGeneratedMonoScriptInfo (13ms)
			ResolveRequiredComponents (7ms)
	FinalizeReload (1652ms)
		ReleaseScriptCaches (0ms)
		RebuildScriptCaches (0ms)
		SetupLoadedEditorAssemblies (522ms)
			LogAssemblyErrors (0ms)
			InitializePlatformSupportModulesInManaged (11ms)
			SetLoadedEditorAssemblies (5ms)
			RefreshPlugins (0ms)
			BeforeProcessingInitializeOnLoad (95ms)
			ProcessInitializeOnLoadAttributes (354ms)
			ProcessInitializeOnLoadMethodAttributes (42ms)
			AfterProcessingInitializeOnLoad (15ms)
			EditorAssembliesLoaded (0ms)
		ExecutionOrderSort2 (0ms)
		AwakeInstancesAfterBackupRestoration (16ms)
Refreshing native plugins compatible for Editor in 9.43 ms, found 4 plugins.
Preloading 0 native plugins for Editor in 0.00 ms.
Unloading 3995 Unused Serialized files (Serialized files now loaded: 0)
Unloading 25 unused Assets / (213.9 KB). Loaded Objects now: 4508.
Memory consumption went from 143.5 MB to 143.3 MB.
Total: 4.356400 ms (FindLiveObjects: 0.319100 ms CreateObjectMapping: 0.266700 ms MarkObjects: 3.562600 ms  DeleteObjects: 0.207200 ms)

Prepare: number of updated asset objects reloaded= 0
AssetImportParameters requested are different than current active one (requested -> active):
  custom:container-demuxer-ogg: 62fdf1f143b41e24485cea50d1cbac27 -> 
  custom:video-codec-MediaFoundation-h265: 746d11721c4dcdbdad8f713fa42b33f4 -> 
  custom:video-decoder-ogg-theora: a1e56fd34408186e4bbccfd4996cb3dc -> 
  custom:scripting/monoscript/fileName/Invader.cs: bc8018b0a4551e76ce57f1bfe4f45132 -> 
  custom:framework-win-MediaFoundation: 216162199b28c13a410421893ffa2e32 -> 
  custom:scripting/monoscript/fileName/Ball.cs: 049c2654812ca44acca88f91a5e04467 -> 
  custom:CustomObjectIndexerAttribute: 9a22284fe3817be447336de3de66b15e -> 
  custom:scripting/monoscript/fileName/P2.cs: e4c6c516acc8d8509ab07058121a4fc8 -> 
  custom:container-demuxer-webm: 4f35f7cbe854078d1ac9338744f61a02 -> 
  custom:scripting/monoscript/fileName/ReadmeEditorBE2.cs: 7c683de7920091651a1855ead847a9ed -> 
  custom:container-muxer-webm: aa71ff27fc2769a1b78a27578f13a17b -> 
  custom:video-decoder-webm-vp8: 9c59270c3fd7afecdb556c50c9e8de78 -> 
  custom:scripting/monoscript/fileName/P1.cs: 787115c302f06f7f2e7787d41b45b09f -> 
  custom:SearchIndexIgnoredProperties: e643bd26f0fe6173181afceb89e7c659 -> 
  custom:AudioImporter_EditorPlatform: d09bf68614088b80899f8185d706f6e7 -> 
  custom:video-encoder-webm-vp8: eb34c28f22e8b96e1ab97ce403110664 -> 
  custom:scripting/monoscript/fileName/player.cs: b1b0b99e0fbd8450a8ac2481988cbaeb -> 
  custom:audio-decoder-ogg-vorbis: bf7c407c2cedff20999df2af8eb42d56 -> 
  custom:audio-encoder-webm-vorbis: bf7c407c2cedff20999df2af8eb42d56 -> 
  custom:scripting/precompiled-assembly-types:Assembly-CSharp-Editor: 4625f14833293805eac6473e9ededd3d -> 
  custom:scripting/monoscript/fileName/Invaders.cs: 17af7eaa61d80138f512b3fb56ba472e -> 
  custom:scripting/monoscript/fileName/ReadmeBE2.cs: 58225e84b3d3bbd69cbb8d72823e69ce -> 
  custom:scripting/precompiled-assembly-types:Assembly-CSharp: 63023ead3130f16226981e6a68fa6541 -> 
========================================================================
Received Prepare
Caller must complete domain reload
Begin MonoManager ReloadAssembly
- Loaded All Assemblies, in  0.656 seconds
Native extension for UWP target not found
Native extension for WindowsStandalone target not found
Mono: successfully reloaded assembly
- Finished resetting the current domain, in  1.705 seconds
Domain Reload Profiling: 2354ms
	BeginReloadAssembly (204ms)
		ExecutionOrderSort (0ms)
		DisableScriptedObjects (15ms)
		BackupInstance (0ms)
		ReleaseScriptingObjects (0ms)
		CreateAndSetChildDomain (44ms)
	RebuildCommonClasses (45ms)
	RebuildNativeTypeToScriptingClass (14ms)
	initialDomainReloadingComplete (44ms)
	LoadAllAssembliesAndSetupDomain (342ms)
		LoadAssemblies (418ms)
		RebuildTransferFunctionScriptingTraits (0ms)
		AnalyzeDomain (33ms)
			TypeCache.Refresh (11ms)
				TypeCache.ScanAssembly (0ms)
			ScanForSourceGeneratedMonoScriptInfo (13ms)
			ResolveRequiredComponents (7ms)
	FinalizeReload (1706ms)
		ReleaseScriptCaches (0ms)
		RebuildScriptCaches (0ms)
		SetupLoadedEditorAssemblies (536ms)
			LogAssemblyErrors (0ms)
			InitializePlatformSupportModulesInManaged (12ms)
			SetLoadedEditorAssemblies (5ms)
			RefreshPlugins (0ms)
			BeforeProcessingInitializeOnLoad (95ms)
			ProcessInitializeOnLoadAttributes (369ms)
			ProcessInitializeOnLoadMethodAttributes (40ms)
			AfterProcessingInitializeOnLoad (14ms)
			EditorAssembliesLoaded (0ms)
		ExecutionOrderSort2 (0ms)
		AwakeInstancesAfterBackupRestoration (18ms)
Refreshing native plugins compatible for Editor in 9.50 ms, found 4 plugins.
Preloading 0 native plugins for Editor in 0.00 ms.
Unloading 3995 Unused Serialized files (Serialized files now loaded: 0)
Unloading 25 unused Assets / (213.9 KB). Loaded Objects now: 4512.
Memory consumption went from 143.5 MB to 143.3 MB.
Total: 6.253000 ms (FindLiveObjects: 0.400600 ms CreateObjectMapping: 0.378800 ms MarkObjects: 4.920600 ms  DeleteObjects: 0.552200 ms)

Prepare: number of updated asset objects reloaded= 0
AssetImportParameters requested are different than current active one (requested -> active):
  custom:container-demuxer-ogg: 62fdf1f143b41e24485cea50d1cbac27 -> 
  custom:video-codec-MediaFoundation-h265: 746d11721c4dcdbdad8f713fa42b33f4 -> 
  custom:video-decoder-ogg-theora: a1e56fd34408186e4bbccfd4996cb3dc -> 
  custom:scripting/monoscript/fileName/Invader.cs: bc8018b0a4551e76ce57f1bfe4f45132 -> 
  custom:framework-win-MediaFoundation: 216162199b28c13a410421893ffa2e32 -> 
  custom:scripting/monoscript/fileName/Ball.cs: 049c2654812ca44acca88f91a5e04467 -> 
  custom:CustomObjectIndexerAttribute: 9a22284fe3817be447336de3de66b15e -> 
  custom:scripting/monoscript/fileName/P2.cs: dd5ec7a2fe4a274ca5f4a93e0edc5696 -> 
  custom:container-demuxer-webm: 4f35f7cbe854078d1ac9338744f61a02 -> 
  custom:scripting/monoscript/fileName/ReadmeEditorBE2.cs: 7c683de7920091651a1855ead847a9ed -> 
  custom:container-muxer-webm: aa71ff27fc2769a1b78a27578f13a17b -> 
  custom:video-decoder-webm-vp8: 9c59270c3fd7afecdb556c50c9e8de78 -> 
  custom:scripting/monoscript/fileName/P1.cs: 787115c302f06f7f2e7787d41b45b09f -> 
  custom:SearchIndexIgnoredProperties: e643bd26f0fe6173181afceb89e7c659 -> 
  custom:AudioImporter_EditorPlatform: d09bf68614088b80899f8185d706f6e7 -> 
  custom:video-encoder-webm-vp8: eb34c28f22e8b96e1ab97ce403110664 -> 
  custom:scripting/monoscript/fileName/player.cs: b1b0b99e0fbd8450a8ac2481988cbaeb -> 
  custom:audio-decoder-ogg-vorbis: bf7c407c2cedff20999df2af8eb42d56 -> 
  custom:audio-encoder-webm-vorbis: bf7c407c2cedff20999df2af8eb42d56 -> 
  custom:scripting/precompiled-assembly-types:Assembly-CSharp-Editor: 4625f14833293805eac6473e9ededd3d -> 
  custom:scripting/monoscript/fileName/Invaders.cs: 17af7eaa61d80138f512b3fb56ba472e -> 
  custom:scripting/monoscript/fileName/ReadmeBE2.cs: 58225e84b3d3bbd69cbb8d72823e69ce -> 
  custom:scripting/precompiled-assembly-types:Assembly-CSharp: e7d4ae71c9ecb51e478522f0fd1b6f1a -> 
========================================================================
Received Import Request.
  Time since last request: 469.716780 seconds.
  path: Assets/Pong/Scripts/P2.cs
  artifactKey: Guid(023e2be8cc446ea47b62ed9a362c9fb4) Importer(815301076,1909f56bfc062723c751e8b465ee728b)
Start importing Assets/Pong/Scripts/P2.cs using Guid(023e2be8cc446ea47b62ed9a362c9fb4) Importer(815301076,1909f56bfc062723c751e8b465ee728b) [PhysX] Initialized MultithreadedTaskDispatcher with 12 workers.
 -> (artifact id: 'e9ff66361a7675b42dce47e049478e4b') in 0.001945 seconds
Number of updated asset objects reloaded before import = 0
Number of asset objects unloaded after import = 0
========================================================================
Received Import Request.
  Time since last request: 5.547828 seconds.
  path: Assets/Pong/Scripts/P2.cs
  artifactKey: Guid(023e2be8cc446ea47b62ed9a362c9fb4) Importer(815301076,1909f56bfc062723c751e8b465ee728b)
Start importing Assets/Pong/Scripts/P2.cs using Guid(023e2be8cc446ea47b62ed9a362c9fb4) Importer(815301076,1909f56bfc062723c751e8b465ee728b) [PhysX] Initialized MultithreadedTaskDispatcher with 12 workers.
 -> (artifact id: 'c33e26ebc0f4b0cea2fcc6cce05b4f69') in 0.004842 seconds
Number of updated asset objects reloaded before import = 0
Number of asset objects unloaded after import = 0
========================================================================
Received Prepare
Caller must complete domain reload
Begin MonoManager ReloadAssembly
- Loaded All Assemblies, in  0.682 seconds
Native extension for UWP target not found
Native extension for WindowsStandalone target not found
Mono: successfully reloaded assembly
- Finished resetting the current domain, in  1.376 seconds
Domain Reload Profiling: 2049ms
	BeginReloadAssembly (244ms)
		ExecutionOrderSort (0ms)
		DisableScriptedObjects (22ms)
		BackupInstance (0ms)
		ReleaseScriptingObjects (0ms)
		CreateAndSetChildDomain (67ms)
	RebuildCommonClasses (48ms)
	RebuildNativeTypeToScriptingClass (14ms)
	initialDomainReloadingComplete (50ms)
	LoadAllAssembliesAndSetupDomain (316ms)
		LoadAssemblies (398ms)
		RebuildTransferFunctionScriptingTraits (0ms)
		AnalyzeDomain (28ms)
			TypeCache.Refresh (10ms)
				TypeCache.ScanAssembly (0ms)
			ScanForSourceGeneratedMonoScriptInfo (9ms)
			ResolveRequiredComponents (7ms)
	FinalizeReload (1377ms)
		ReleaseScriptCaches (0ms)
		RebuildScriptCaches (0ms)
		SetupLoadedEditorAssemblies (477ms)
			LogAssemblyErrors (0ms)
			InitializePlatformSupportModulesInManaged (10ms)
			SetLoadedEditorAssemblies (6ms)
			RefreshPlugins (0ms)
			BeforeProcessingInitializeOnLoad (93ms)
			ProcessInitializeOnLoadAttributes (312ms)
			ProcessInitializeOnLoadMethodAttributes (38ms)
			AfterProcessingInitializeOnLoad (19ms)
			EditorAssembliesLoaded (0ms)
		ExecutionOrderSort2 (0ms)
		AwakeInstancesAfterBackupRestoration (16ms)
Refreshing native plugins compatible for Editor in 11.32 ms, found 4 plugins.
Preloading 0 native plugins for Editor in 0.00 ms.
Unloading 3994 Unused Serialized files (Serialized files now loaded: 0)
Unloading 25 unused Assets / (213.8 KB). Loaded Objects now: 4516.
Memory consumption went from 143.3 MB to 143.1 MB.
Total: 3.657700 ms (FindLiveObjects: 0.309300 ms CreateObjectMapping: 0.238200 ms MarkObjects: 2.880100 ms  DeleteObjects: 0.229100 ms)

Prepare: number of updated asset objects reloaded= 0
AssetImportParameters requested are different than current active one (requested -> active):
  custom:container-demuxer-ogg: 62fdf1f143b41e24485cea50d1cbac27 -> 
  custom:video-codec-MediaFoundation-h265: 746d11721c4dcdbdad8f713fa42b33f4 -> 
  custom:video-decoder-ogg-theora: a1e56fd34408186e4bbccfd4996cb3dc -> 
  custom:scripting/monoscript/fileName/Invader.cs: bc8018b0a4551e76ce57f1bfe4f45132 -> 
  custom:framework-win-MediaFoundation: 216162199b28c13a410421893ffa2e32 -> 
  custom:scripting/monoscript/fileName/Ball.cs: 049c2654812ca44acca88f91a5e04467 -> 
  custom:CustomObjectIndexerAttribute: 9a22284fe3817be447336de3de66b15e -> 
  custom:scripting/monoscript/fileName/P2.cs: dd5ec7a2fe4a274ca5f4a93e0edc5696 -> 
  custom:container-demuxer-webm: 4f35f7cbe854078d1ac9338744f61a02 -> 
  custom:scripting/monoscript/fileName/ReadmeEditorBE2.cs: 7c683de7920091651a1855ead847a9ed -> 
  custom:container-muxer-webm: aa71ff27fc2769a1b78a27578f13a17b -> 
  custom:video-decoder-webm-vp8: 9c59270c3fd7afecdb556c50c9e8de78 -> 
  custom:scripting/monoscript/fileName/P1.cs: 787115c302f06f7f2e7787d41b45b09f -> 
  custom:SearchIndexIgnoredProperties: e643bd26f0fe6173181afceb89e7c659 -> 
  custom:AudioImporter_EditorPlatform: d09bf68614088b80899f8185d706f6e7 -> 
  custom:video-encoder-webm-vp8: eb34c28f22e8b96e1ab97ce403110664 -> 
  custom:scripting/monoscript/fileName/player.cs: b1b0b99e0fbd8450a8ac2481988cbaeb -> 
  custom:audio-decoder-ogg-vorbis: bf7c407c2cedff20999df2af8eb42d56 -> 
  custom:audio-encoder-webm-vorbis: bf7c407c2cedff20999df2af8eb42d56 -> 
  custom:scripting/precompiled-assembly-types:Assembly-CSharp-Editor: 4625f14833293805eac6473e9ededd3d -> 
  custom:scripting/monoscript/fileName/Invaders.cs: 17af7eaa61d80138f512b3fb56ba472e -> 
  custom:scripting/monoscript/fileName/ReadmeBE2.cs: 58225e84b3d3bbd69cbb8d72823e69ce -> 
  custom:scripting/precompiled-assembly-types:Assembly-CSharp: e7d4ae71c9ecb51e478522f0fd1b6f1a -> 
========================================================================
Received Import Request.
  Time since last request: 72.048609 seconds.
  path: Assets/Pong/Scripts/P2.cs
  artifactKey: Guid(023e2be8cc446ea47b62ed9a362c9fb4) Importer(815301076,1909f56bfc062723c751e8b465ee728b)
Start importing Assets/Pong/Scripts/P2.cs using Guid(023e2be8cc446ea47b62ed9a362c9fb4) Importer(815301076,1909f56bfc062723c751e8b465ee728b) [PhysX] Initialized MultithreadedTaskDispatcher with 12 workers.
 -> (artifact id: 'a1003a6824ba15369e447bbb109910e7') in 0.002529 seconds
Number of updated asset objects reloaded before import = 0
Number of asset objects unloaded after import = 0
========================================================================
Received Prepare
Caller must complete domain reload
Begin MonoManager ReloadAssembly
- Loaded All Assemblies, in  0.663 seconds
Native extension for UWP target not found
Native extension for WindowsStandalone target not found
Mono: successfully reloaded assembly
- Finished resetting the current domain, in  1.434 seconds
Domain Reload Profiling: 2091ms
	BeginReloadAssembly (208ms)
		ExecutionOrderSort (0ms)
		DisableScriptedObjects (14ms)
		BackupInstance (0ms)
		ReleaseScriptingObjects (0ms)
		CreateAndSetChildDomain (47ms)
	RebuildCommonClasses (41ms)
	RebuildNativeTypeToScriptingClass (15ms)
	initialDomainReloadingComplete (44ms)
	LoadAllAssembliesAndSetupDomain (348ms)
		LoadAssemblies (421ms)
		RebuildTransferFunctionScriptingTraits (0ms)
		AnalyzeDomain (34ms)
			TypeCache.Refresh (12ms)
				TypeCache.ScanAssembly (0ms)
			ScanForSourceGeneratedMonoScriptInfo (13ms)
			ResolveRequiredComponents (7ms)
	FinalizeReload (1435ms)
		ReleaseScriptCaches (0ms)
		RebuildScriptCaches (0ms)
		SetupLoadedEditorAssemblies (470ms)
			LogAssemblyErrors (0ms)
			InitializePlatformSupportModulesInManaged (10ms)
			SetLoadedEditorAssemblies (4ms)
			RefreshPlugins (0ms)
			BeforeProcessingInitializeOnLoad (87ms)
			ProcessInitializeOnLoadAttributes (314ms)
			ProcessInitializeOnLoadMethodAttributes (41ms)
			AfterProcessingInitializeOnLoad (13ms)
			EditorAssembliesLoaded (0ms)
		ExecutionOrderSort2 (0ms)
		AwakeInstancesAfterBackupRestoration (15ms)
Refreshing native plugins compatible for Editor in 9.25 ms, found 4 plugins.
Preloading 0 native plugins for Editor in 0.00 ms.
Unloading 3994 Unused Serialized files (Serialized files now loaded: 0)
Unloading 25 unused Assets / (213.9 KB). Loaded Objects now: 4520.
Memory consumption went from 143.3 MB to 143.1 MB.
Total: 6.515800 ms (FindLiveObjects: 0.675800 ms CreateObjectMapping: 0.555400 ms MarkObjects: 5.048400 ms  DeleteObjects: 0.234900 ms)

Prepare: number of updated asset objects reloaded= 0
AssetImportParameters requested are different than current active one (requested -> active):
  custom:container-demuxer-ogg: 62fdf1f143b41e24485cea50d1cbac27 -> 
  custom:video-codec-MediaFoundation-h265: 746d11721c4dcdbdad8f713fa42b33f4 -> 
  custom:video-decoder-ogg-theora: a1e56fd34408186e4bbccfd4996cb3dc -> 
  custom:scripting/monoscript/fileName/Invader.cs: bc8018b0a4551e76ce57f1bfe4f45132 -> 
  custom:framework-win-MediaFoundation: 216162199b28c13a410421893ffa2e32 -> 
  custom:scripting/monoscript/fileName/Ball.cs: 049c2654812ca44acca88f91a5e04467 -> 
  custom:CustomObjectIndexerAttribute: 9a22284fe3817be447336de3de66b15e -> 
  custom:scripting/monoscript/fileName/P2.cs: dd5ec7a2fe4a274ca5f4a93e0edc5696 -> 
  custom:container-demuxer-webm: 4f35f7cbe854078d1ac9338744f61a02 -> 
  custom:scripting/monoscript/fileName/ReadmeEditorBE2.cs: 7c683de7920091651a1855ead847a9ed -> 
  custom:container-muxer-webm: aa71ff27fc2769a1b78a27578f13a17b -> 
  custom:video-decoder-webm-vp8: 9c59270c3fd7afecdb556c50c9e8de78 -> 
  custom:scripting/monoscript/fileName/P1.cs: 787115c302f06f7f2e7787d41b45b09f -> 
  custom:SearchIndexIgnoredProperties: e643bd26f0fe6173181afceb89e7c659 -> 
  custom:AudioImporter_EditorPlatform: d09bf68614088b80899f8185d706f6e7 -> 
  custom:video-encoder-webm-vp8: eb34c28f22e8b96e1ab97ce403110664 -> 
  custom:scripting/monoscript/fileName/player.cs: b1b0b99e0fbd8450a8ac2481988cbaeb -> 
  custom:audio-decoder-ogg-vorbis: bf7c407c2cedff20999df2af8eb42d56 -> 
  custom:audio-encoder-webm-vorbis: bf7c407c2cedff20999df2af8eb42d56 -> 
  custom:scripting/precompiled-assembly-types:Assembly-CSharp-Editor: 4625f14833293805eac6473e9ededd3d -> 
  custom:scripting/monoscript/fileName/Invaders.cs: 17af7eaa61d80138f512b3fb56ba472e -> 
  custom:scripting/monoscript/fileName/ReadmeBE2.cs: 58225e84b3d3bbd69cbb8d72823e69ce -> 
  custom:scripting/precompiled-assembly-types:Assembly-CSharp: e7d4ae71c9ecb51e478522f0fd1b6f1a -> 
========================================================================
Received Prepare
Caller must complete domain reload
Begin MonoManager ReloadAssembly
- Loaded All Assemblies, in  0.496 seconds
Native extension for UWP target not found
Native extension for WindowsStandalone target not found
Mono: successfully reloaded assembly
- Finished resetting the current domain, in  1.300 seconds
Domain Reload Profiling: 1790ms
	BeginReloadAssembly (165ms)
		ExecutionOrderSort (0ms)
		DisableScriptedObjects (10ms)
		BackupInstance (0ms)
		ReleaseScriptingObjects (0ms)
		CreateAndSetChildDomain (35ms)
	RebuildCommonClasses (28ms)
	RebuildNativeTypeToScriptingClass (11ms)
	initialDomainReloadingComplete (33ms)
	LoadAllAssembliesAndSetupDomain (253ms)
		LoadAssemblies (331ms)
		RebuildTransferFunctionScriptingTraits (0ms)
		AnalyzeDomain (12ms)
			TypeCache.Refresh (6ms)
				TypeCache.ScanAssembly (0ms)
			ScanForSourceGeneratedMonoScriptInfo (0ms)
			ResolveRequiredComponents (5ms)
	FinalizeReload (1300ms)
		ReleaseScriptCaches (0ms)
		RebuildScriptCaches (0ms)
		SetupLoadedEditorAssemblies (461ms)
			LogAssemblyErrors (0ms)
			InitializePlatformSupportModulesInManaged (11ms)
			SetLoadedEditorAssemblies (6ms)
			RefreshPlugins (0ms)
			BeforeProcessingInitializeOnLoad (93ms)
			ProcessInitializeOnLoadAttributes (305ms)
			ProcessInitializeOnLoadMethodAttributes (35ms)
			AfterProcessingInitializeOnLoad (13ms)
			EditorAssembliesLoaded (0ms)
		ExecutionOrderSort2 (0ms)
		AwakeInstancesAfterBackupRestoration (16ms)
Refreshing native plugins compatible for Editor in 9.76 ms, found 4 plugins.
Preloading 0 native plugins for Editor in 0.00 ms.
Unloading 3995 Unused Serialized files (Serialized files now loaded: 0)
Unloading 25 unused Assets / (213.9 KB). Loaded Objects now: 4524.
Memory consumption went from 143.6 MB to 143.4 MB.
Total: 4.291700 ms (FindLiveObjects: 0.342300 ms CreateObjectMapping: 0.293100 ms MarkObjects: 3.428500 ms  DeleteObjects: 0.227100 ms)

Prepare: number of updated asset objects reloaded= 0
AssetImportParameters requested are different than current active one (requested -> active):
  custom:container-demuxer-ogg: 62fdf1f143b41e24485cea50d1cbac27 -> 
  custom:video-codec-MediaFoundation-h265: 746d11721c4dcdbdad8f713fa42b33f4 -> 
  custom:video-decoder-ogg-theora: a1e56fd34408186e4bbccfd4996cb3dc -> 
  custom:scripting/monoscript/fileName/Invader.cs: bc8018b0a4551e76ce57f1bfe4f45132 -> 
  custom:framework-win-MediaFoundation: 216162199b28c13a410421893ffa2e32 -> 
  custom:scripting/monoscript/fileName/Ball.cs: 049c2654812ca44acca88f91a5e04467 -> 
  custom:CustomObjectIndexerAttribute: 9a22284fe3817be447336de3de66b15e -> 
  custom:scripting/monoscript/fileName/P2.cs: dd5ec7a2fe4a274ca5f4a93e0edc5696 -> 
  custom:container-demuxer-webm: 4f35f7cbe854078d1ac9338744f61a02 -> 
  custom:scripting/monoscript/fileName/ReadmeEditorBE2.cs: 7c683de7920091651a1855ead847a9ed -> 
  custom:container-muxer-webm: aa71ff27fc2769a1b78a27578f13a17b -> 
  custom:video-decoder-webm-vp8: 9c59270c3fd7afecdb556c50c9e8de78 -> 
  custom:scripting/monoscript/fileName/P1.cs: 787115c302f06f7f2e7787d41b45b09f -> 
  custom:SearchIndexIgnoredProperties: e643bd26f0fe6173181afceb89e7c659 -> 
  custom:AudioImporter_EditorPlatform: d09bf68614088b80899f8185d706f6e7 -> 
  custom:video-encoder-webm-vp8: eb34c28f22e8b96e1ab97ce403110664 -> 
  custom:scripting/monoscript/fileName/player.cs: b1b0b99e0fbd8450a8ac2481988cbaeb -> 
  custom:audio-decoder-ogg-vorbis: bf7c407c2cedff20999df2af8eb42d56 -> 
  custom:audio-encoder-webm-vorbis: bf7c407c2cedff20999df2af8eb42d56 -> 
  custom:scripting/precompiled-assembly-types:Assembly-CSharp-Editor: 4625f14833293805eac6473e9ededd3d -> 
  custom:scripting/monoscript/fileName/Invaders.cs: 17af7eaa61d80138f512b3fb56ba472e -> 
  custom:scripting/monoscript/fileName/ReadmeBE2.cs: 58225e84b3d3bbd69cbb8d72823e69ce -> 
  custom:scripting/precompiled-assembly-types:Assembly-CSharp: e7d4ae71c9ecb51e478522f0fd1b6f1a -> 
========================================================================
Received Prepare
Caller must complete domain reload
Begin MonoManager ReloadAssembly
- Loaded All Assemblies, in  0.506 seconds
Native extension for UWP target not found
Native extension for WindowsStandalone target not found
Mono: successfully reloaded assembly
- Finished resetting the current domain, in  1.271 seconds
Domain Reload Profiling: 1772ms
	BeginReloadAssembly (165ms)
		ExecutionOrderSort (0ms)
		DisableScriptedObjects (10ms)
		BackupInstance (0ms)
		ReleaseScriptingObjects (0ms)
		CreateAndSetChildDomain (35ms)
	RebuildCommonClasses (35ms)
	RebuildNativeTypeToScriptingClass (8ms)
	initialDomainReloadingComplete (33ms)
	LoadAllAssembliesAndSetupDomain (259ms)
		LoadAssemblies (334ms)
		RebuildTransferFunctionScriptingTraits (0ms)
		AnalyzeDomain (13ms)
			TypeCache.Refresh (7ms)
				TypeCache.ScanAssembly (0ms)
			ScanForSourceGeneratedMonoScriptInfo (0ms)
			ResolveRequiredComponents (5ms)
	FinalizeReload (1272ms)
		ReleaseScriptCaches (0ms)
		RebuildScriptCaches (0ms)
		SetupLoadedEditorAssemblies (447ms)
			LogAssemblyErrors (0ms)
			InitializePlatformSupportModulesInManaged (10ms)
			SetLoadedEditorAssemblies (6ms)
			RefreshPlugins (0ms)
			BeforeProcessingInitializeOnLoad (87ms)
			ProcessInitializeOnLoadAttributes (299ms)
			ProcessInitializeOnLoadMethodAttributes (34ms)
			AfterProcessingInitializeOnLoad (12ms)
			EditorAssembliesLoaded (0ms)
		ExecutionOrderSort2 (0ms)
		AwakeInstancesAfterBackupRestoration (15ms)
Refreshing native plugins compatible for Editor in 10.14 ms, found 4 plugins.
Preloading 0 native plugins for Editor in 0.00 ms.
Unloading 3995 Unused Serialized files (Serialized files now loaded: 0)
Unloading 25 unused Assets / (213.9 KB). Loaded Objects now: 4528.
Memory consumption went from 143.6 MB to 143.4 MB.
Total: 4.286300 ms (FindLiveObjects: 0.356100 ms CreateObjectMapping: 0.325700 ms MarkObjects: 3.376800 ms  DeleteObjects: 0.226300 ms)

Prepare: number of updated asset objects reloaded= 0
AssetImportParameters requested are different than current active one (requested -> active):
  custom:container-demuxer-ogg: 62fdf1f143b41e24485cea50d1cbac27 -> 
  custom:video-codec-MediaFoundation-h265: 746d11721c4dcdbdad8f713fa42b33f4 -> 
  custom:video-decoder-ogg-theora: a1e56fd34408186e4bbccfd4996cb3dc -> 
  custom:scripting/monoscript/fileName/Invader.cs: bc8018b0a4551e76ce57f1bfe4f45132 -> 
  custom:framework-win-MediaFoundation: 216162199b28c13a410421893ffa2e32 -> 
  custom:scripting/monoscript/fileName/Ball.cs: 049c2654812ca44acca88f91a5e04467 -> 
  custom:CustomObjectIndexerAttribute: 9a22284fe3817be447336de3de66b15e -> 
  custom:scripting/monoscript/fileName/P2.cs: dd5ec7a2fe4a274ca5f4a93e0edc5696 -> 
  custom:container-demuxer-webm: 4f35f7cbe854078d1ac9338744f61a02 -> 
  custom:scripting/monoscript/fileName/ReadmeEditorBE2.cs: 7c683de7920091651a1855ead847a9ed -> 
  custom:container-muxer-webm: aa71ff27fc2769a1b78a27578f13a17b -> 
  custom:video-decoder-webm-vp8: 9c59270c3fd7afecdb556c50c9e8de78 -> 
  custom:scripting/monoscript/fileName/P1.cs: 787115c302f06f7f2e7787d41b45b09f -> 
  custom:SearchIndexIgnoredProperties: e643bd26f0fe6173181afceb89e7c659 -> 
  custom:AudioImporter_EditorPlatform: d09bf68614088b80899f8185d706f6e7 -> 
  custom:video-encoder-webm-vp8: eb34c28f22e8b96e1ab97ce403110664 -> 
  custom:scripting/monoscript/fileName/player.cs: b1b0b99e0fbd8450a8ac2481988cbaeb -> 
  custom:audio-decoder-ogg-vorbis: bf7c407c2cedff20999df2af8eb42d56 -> 
  custom:audio-encoder-webm-vorbis: bf7c407c2cedff20999df2af8eb42d56 -> 
  custom:scripting/precompiled-assembly-types:Assembly-CSharp-Editor: 4625f14833293805eac6473e9ededd3d -> 
  custom:scripting/monoscript/fileName/Invaders.cs: 17af7eaa61d80138f512b3fb56ba472e -> 
  custom:scripting/monoscript/fileName/ReadmeBE2.cs: 58225e84b3d3bbd69cbb8d72823e69ce -> 
  custom:scripting/precompiled-assembly-types:Assembly-CSharp: e7d4ae71c9ecb51e478522f0fd1b6f1a -> 
========================================================================
Received Prepare
Caller must complete domain reload
Begin MonoManager ReloadAssembly
- Loaded All Assemblies, in  0.603 seconds
Native extension for UWP target not found
Native extension for WindowsStandalone target not found
Mono: successfully reloaded assembly
- Finished resetting the current domain, in  1.403 seconds
Domain Reload Profiling: 1999ms
	BeginReloadAssembly (198ms)
		ExecutionOrderSort (0ms)
		DisableScriptedObjects (11ms)
		BackupInstance (0ms)
		ReleaseScriptingObjects (0ms)
		CreateAndSetChildDomain (40ms)
	RebuildCommonClasses (45ms)
	RebuildNativeTypeToScriptingClass (15ms)
	initialDomainReloadingComplete (46ms)
	LoadAllAssembliesAndSetupDomain (293ms)
		LoadAssemblies (381ms)
		RebuildTransferFunctionScriptingTraits (0ms)
		AnalyzeDomain (27ms)
			TypeCache.Refresh (11ms)
				TypeCache.ScanAssembly (0ms)
			ScanForSourceGeneratedMonoScriptInfo (9ms)
			ResolveRequiredComponents (5ms)
	FinalizeReload (1403ms)
		ReleaseScriptCaches (0ms)
		RebuildScriptCaches (0ms)
		SetupLoadedEditorAssemblies (399ms)
			LogAssemblyErrors (0ms)
			InitializePlatformSupportModulesInManaged (9ms)
			SetLoadedEditorAssemblies (4ms)
			RefreshPlugins (0ms)
			BeforeProcessingInitializeOnLoad (77ms)
			ProcessInitializeOnLoadAttributes (268ms)
			ProcessInitializeOnLoadMethodAttributes (30ms)
			AfterProcessingInitializeOnLoad (10ms)
			EditorAssembliesLoaded (0ms)
		ExecutionOrderSort2 (0ms)
		AwakeInstancesAfterBackupRestoration (14ms)
Script is not up to date after domain reload: guid(e9ca03406de6d1140bb9793e52a45f62) path("Assets/Pong/Scripts/P1.cs") state(2)
Refreshing native plugins compatible for Editor in 8.07 ms, found 4 plugins.
Preloading 0 native plugins for Editor in 0.00 ms.
Unloading 3994 Unused Serialized files (Serialized files now loaded: 0)
Unloading 25 unused Assets / (213.8 KB). Loaded Objects now: 4531.
Memory consumption went from 143.6 MB to 143.3 MB.
Total: 3.922900 ms (FindLiveObjects: 0.357500 ms CreateObjectMapping: 0.317100 ms MarkObjects: 3.022300 ms  DeleteObjects: 0.225100 ms)

Prepare: number of updated asset objects reloaded= 0
AssetImportParameters requested are different than current active one (requested -> active):
  custom:container-demuxer-ogg: 62fdf1f143b41e24485cea50d1cbac27 -> 
  custom:video-codec-MediaFoundation-h265: 746d11721c4dcdbdad8f713fa42b33f4 -> 
  custom:video-decoder-ogg-theora: a1e56fd34408186e4bbccfd4996cb3dc -> 
  custom:scripting/monoscript/fileName/Invader.cs: bc8018b0a4551e76ce57f1bfe4f45132 -> 
  custom:framework-win-MediaFoundation: 216162199b28c13a410421893ffa2e32 -> 
  custom:scripting/monoscript/fileName/Ball.cs: 049c2654812ca44acca88f91a5e04467 -> 
  custom:CustomObjectIndexerAttribute: 9a22284fe3817be447336de3de66b15e -> 
  custom:scripting/monoscript/fileName/P2.cs: dd5ec7a2fe4a274ca5f4a93e0edc5696 -> 
  custom:container-demuxer-webm: 4f35f7cbe854078d1ac9338744f61a02 -> 
  custom:scripting/monoscript/fileName/ReadmeEditorBE2.cs: 7c683de7920091651a1855ead847a9ed -> 
  custom:container-muxer-webm: aa71ff27fc2769a1b78a27578f13a17b -> 
  custom:video-decoder-webm-vp8: 9c59270c3fd7afecdb556c50c9e8de78 -> 
  custom:scripting/monoscript/fileName/P1.cs: 787115c302f06f7f2e7787d41b45b09f -> 
  custom:SearchIndexIgnoredProperties: e643bd26f0fe6173181afceb89e7c659 -> 
  custom:AudioImporter_EditorPlatform: d09bf68614088b80899f8185d706f6e7 -> 
  custom:video-encoder-webm-vp8: eb34c28f22e8b96e1ab97ce403110664 -> 
  custom:scripting/monoscript/fileName/player.cs: b1b0b99e0fbd8450a8ac2481988cbaeb -> 
  custom:audio-decoder-ogg-vorbis: bf7c407c2cedff20999df2af8eb42d56 -> 
  custom:audio-encoder-webm-vorbis: bf7c407c2cedff20999df2af8eb42d56 -> 
  custom:scripting/precompiled-assembly-types:Assembly-CSharp-Editor: 4625f14833293805eac6473e9ededd3d -> 
  custom:scripting/monoscript/fileName/Invaders.cs: 17af7eaa61d80138f512b3fb56ba472e -> 
  custom:scripting/monoscript/fileName/ReadmeBE2.cs: 58225e84b3d3bbd69cbb8d72823e69ce -> 
  custom:scripting/precompiled-assembly-types:Assembly-CSharp: e7d4ae71c9ecb51e478522f0fd1b6f1a -> 
========================================================================
Received Prepare
Caller must complete domain reload
Begin MonoManager ReloadAssembly
- Loaded All Assemblies, in  0.521 seconds
Native extension for UWP target not found
Native extension for WindowsStandalone target not found
Mono: successfully reloaded assembly
- Finished resetting the current domain, in  1.152 seconds
Domain Reload Profiling: 1667ms
	BeginReloadAssembly (163ms)
		ExecutionOrderSort (0ms)
		DisableScriptedObjects (12ms)
		BackupInstance (0ms)
		ReleaseScriptingObjects (0ms)
		CreateAndSetChildDomain (36ms)
	RebuildCommonClasses (29ms)
	RebuildNativeTypeToScriptingClass (9ms)
	initialDomainReloadingComplete (34ms)
	LoadAllAssembliesAndSetupDomain (280ms)
		LoadAssemblies (335ms)
		RebuildTransferFunctionScriptingTraits (0ms)
		AnalyzeDomain (30ms)
			TypeCache.Refresh (12ms)
				TypeCache.ScanAssembly (0ms)
			ScanForSourceGeneratedMonoScriptInfo (11ms)
			ResolveRequiredComponents (6ms)
	FinalizeReload (1152ms)
		ReleaseScriptCaches (0ms)
		RebuildScriptCaches (0ms)
		SetupLoadedEditorAssemblies (392ms)
			LogAssemblyErrors (0ms)
			InitializePlatformSupportModulesInManaged (9ms)
			SetLoadedEditorAssemblies (4ms)
			RefreshPlugins (0ms)
			BeforeProcessingInitializeOnLoad (76ms)
			ProcessInitializeOnLoadAttributes (263ms)
			ProcessInitializeOnLoadMethodAttributes (29ms)
			AfterProcessingInitializeOnLoad (11ms)
			EditorAssembliesLoaded (0ms)
		ExecutionOrderSort2 (0ms)
		AwakeInstancesAfterBackupRestoration (12ms)
Refreshing native plugins compatible for Editor in 8.76 ms, found 4 plugins.
Preloading 0 native plugins for Editor in 0.00 ms.
Unloading 3995 Unused Serialized files (Serialized files now loaded: 0)
Unloading 25 unused Assets / (214.0 KB). Loaded Objects now: 4536.
Memory consumption went from 143.6 MB to 143.4 MB.
Total: 3.910700 ms (FindLiveObjects: 0.318700 ms CreateObjectMapping: 0.257800 ms MarkObjects: 3.138100 ms  DeleteObjects: 0.194800 ms)

Prepare: number of updated asset objects reloaded= 0
AssetImportParameters requested are different than current active one (requested -> active):
  custom:container-demuxer-ogg: 62fdf1f143b41e24485cea50d1cbac27 -> 
  custom:video-codec-MediaFoundation-h265: 746d11721c4dcdbdad8f713fa42b33f4 -> 
  custom:video-decoder-ogg-theora: a1e56fd34408186e4bbccfd4996cb3dc -> 
  custom:scripting/monoscript/fileName/Invader.cs: bc8018b0a4551e76ce57f1bfe4f45132 -> 
  custom:framework-win-MediaFoundation: 216162199b28c13a410421893ffa2e32 -> 
  custom:scripting/monoscript/fileName/Ball.cs: 049c2654812ca44acca88f91a5e04467 -> 
  custom:CustomObjectIndexerAttribute: 9a22284fe3817be447336de3de66b15e -> 
  custom:scripting/monoscript/fileName/P2.cs: dd5ec7a2fe4a274ca5f4a93e0edc5696 -> 
  custom:container-demuxer-webm: 4f35f7cbe854078d1ac9338744f61a02 -> 
  custom:scripting/monoscript/fileName/ReadmeEditorBE2.cs: 7c683de7920091651a1855ead847a9ed -> 
  custom:container-muxer-webm: aa71ff27fc2769a1b78a27578f13a17b -> 
  custom:video-decoder-webm-vp8: 9c59270c3fd7afecdb556c50c9e8de78 -> 
  custom:scripting/monoscript/fileName/P1.cs: 787115c302f06f7f2e7787d41b45b09f -> 
  custom:SearchIndexIgnoredProperties: e643bd26f0fe6173181afceb89e7c659 -> 
  custom:AudioImporter_EditorPlatform: d09bf68614088b80899f8185d706f6e7 -> 
  custom:video-encoder-webm-vp8: eb34c28f22e8b96e1ab97ce403110664 -> 
  custom:scripting/monoscript/fileName/player.cs: b1b0b99e0fbd8450a8ac2481988cbaeb -> 
  custom:audio-decoder-ogg-vorbis: bf7c407c2cedff20999df2af8eb42d56 -> 
  custom:audio-encoder-webm-vorbis: bf7c407c2cedff20999df2af8eb42d56 -> 
  custom:scripting/precompiled-assembly-types:Assembly-CSharp-Editor: 4625f14833293805eac6473e9ededd3d -> 
  custom:scripting/monoscript/fileName/Invaders.cs: 17af7eaa61d80138f512b3fb56ba472e -> 
  custom:scripting/monoscript/fileName/ReadmeBE2.cs: 58225e84b3d3bbd69cbb8d72823e69ce -> 
  custom:scripting/precompiled-assembly-types:Assembly-CSharp: e7d4ae71c9ecb51e478522f0fd1b6f1a -> 
========================================================================
Received Prepare
Caller must complete domain reload
Begin MonoManager ReloadAssembly
- Loaded All Assemblies, in  0.498 seconds
Native extension for UWP target not found
Native extension for WindowsStandalone target not found
Mono: successfully reloaded assembly
- Finished resetting the current domain, in  1.265 seconds
Domain Reload Profiling: 1758ms
	BeginReloadAssembly (161ms)
		ExecutionOrderSort (0ms)
		DisableScriptedObjects (10ms)
		BackupInstance (0ms)
		ReleaseScriptingObjects (0ms)
		CreateAndSetChildDomain (35ms)
	RebuildCommonClasses (29ms)
	RebuildNativeTypeToScriptingClass (8ms)
	initialDomainReloadingComplete (35ms)
	LoadAllAssembliesAndSetupDomain (259ms)
		LoadAssemblies (332ms)
		RebuildTransferFunctionScriptingTraits (0ms)
		AnalyzeDomain (13ms)
			TypeCache.Refresh (7ms)
				TypeCache.ScanAssembly (0ms)
			ScanForSourceGeneratedMonoScriptInfo (0ms)
			ResolveRequiredComponents (5ms)
	FinalizeReload (1265ms)
		ReleaseScriptCaches (0ms)
		RebuildScriptCaches (0ms)
		SetupLoadedEditorAssemblies (451ms)
			LogAssemblyErrors (0ms)
			InitializePlatformSupportModulesInManaged (10ms)
			SetLoadedEditorAssemblies (5ms)
			RefreshPlugins (0ms)
			BeforeProcessingInitializeOnLoad (85ms)
			ProcessInitializeOnLoadAttributes (300ms)
			ProcessInitializeOnLoadMethodAttributes (36ms)
			AfterProcessingInitializeOnLoad (14ms)
			EditorAssembliesLoaded (0ms)
		ExecutionOrderSort2 (0ms)
		AwakeInstancesAfterBackupRestoration (14ms)
Refreshing native plugins compatible for Editor in 8.54 ms, found 4 plugins.
Preloading 0 native plugins for Editor in 0.00 ms.
Unloading 3995 Unused Serialized files (Serialized files now loaded: 0)
Unloading 25 unused Assets / (213.8 KB). Loaded Objects now: 4540.
Memory consumption went from 143.6 MB to 143.4 MB.
Total: 4.869700 ms (FindLiveObjects: 0.358000 ms CreateObjectMapping: 0.267600 ms MarkObjects: 4.021000 ms  DeleteObjects: 0.222000 ms)

Prepare: number of updated asset objects reloaded= 0
AssetImportParameters requested are different than current active one (requested -> active):
  custom:container-demuxer-ogg: 62fdf1f143b41e24485cea50d1cbac27 -> 
  custom:video-codec-MediaFoundation-h265: 746d11721c4dcdbdad8f713fa42b33f4 -> 
  custom:video-decoder-ogg-theora: a1e56fd34408186e4bbccfd4996cb3dc -> 
  custom:scripting/monoscript/fileName/Invader.cs: bc8018b0a4551e76ce57f1bfe4f45132 -> 
  custom:framework-win-MediaFoundation: 216162199b28c13a410421893ffa2e32 -> 
  custom:scripting/monoscript/fileName/Ball.cs: 049c2654812ca44acca88f91a5e04467 -> 
  custom:CustomObjectIndexerAttribute: 9a22284fe3817be447336de3de66b15e -> 
  custom:scripting/monoscript/fileName/P2.cs: dd5ec7a2fe4a274ca5f4a93e0edc5696 -> 
  custom:container-demuxer-webm: 4f35f7cbe854078d1ac9338744f61a02 -> 
  custom:scripting/monoscript/fileName/ReadmeEditorBE2.cs: 7c683de7920091651a1855ead847a9ed -> 
  custom:container-muxer-webm: aa71ff27fc2769a1b78a27578f13a17b -> 
  custom:video-decoder-webm-vp8: 9c59270c3fd7afecdb556c50c9e8de78 -> 
  custom:scripting/monoscript/fileName/P1.cs: 787115c302f06f7f2e7787d41b45b09f -> 
  custom:SearchIndexIgnoredProperties: e643bd26f0fe6173181afceb89e7c659 -> 
  custom:AudioImporter_EditorPlatform: d09bf68614088b80899f8185d706f6e7 -> 
  custom:video-encoder-webm-vp8: eb34c28f22e8b96e1ab97ce403110664 -> 
  custom:scripting/monoscript/fileName/player.cs: b1b0b99e0fbd8450a8ac2481988cbaeb -> 
  custom:audio-decoder-ogg-vorbis: bf7c407c2cedff20999df2af8eb42d56 -> 
  custom:audio-encoder-webm-vorbis: bf7c407c2cedff20999df2af8eb42d56 -> 
  custom:scripting/precompiled-assembly-types:Assembly-CSharp-Editor: 4625f14833293805eac6473e9ededd3d -> 
  custom:scripting/monoscript/fileName/Invaders.cs: 17af7eaa61d80138f512b3fb56ba472e -> 
  custom:scripting/monoscript/fileName/ReadmeBE2.cs: 58225e84b3d3bbd69cbb8d72823e69ce -> 
  custom:scripting/precompiled-assembly-types:Assembly-CSharp: e7d4ae71c9ecb51e478522f0fd1b6f1a -> 
========================================================================
Received Prepare
Caller must complete domain reload
Begin MonoManager ReloadAssembly
- Loaded All Assemblies, in  0.501 seconds
Native extension for UWP target not found
Native extension for WindowsStandalone target not found
Mono: successfully reloaded assembly
- Finished resetting the current domain, in  1.314 seconds
Domain Reload Profiling: 1811ms
	BeginReloadAssembly (157ms)
		ExecutionOrderSort (0ms)
		DisableScriptedObjects (10ms)
		BackupInstance (0ms)
		ReleaseScriptingObjects (0ms)
		CreateAndSetChildDomain (32ms)
	RebuildCommonClasses (28ms)
	RebuildNativeTypeToScriptingClass (8ms)
	initialDomainReloadingComplete (34ms)
	LoadAllAssembliesAndSetupDomain (268ms)
		LoadAssemblies (340ms)
		RebuildTransferFunctionScriptingTraits (0ms)
		AnalyzeDomain (13ms)
			TypeCache.Refresh (6ms)
				TypeCache.ScanAssembly (0ms)
			ScanForSourceGeneratedMonoScriptInfo (0ms)
			ResolveRequiredComponents (5ms)
	FinalizeReload (1315ms)
		ReleaseScriptCaches (0ms)
		RebuildScriptCaches (0ms)
		SetupLoadedEditorAssemblies (459ms)
			LogAssemblyErrors (0ms)
			InitializePlatformSupportModulesInManaged (10ms)
			SetLoadedEditorAssemblies (5ms)
			RefreshPlugins (0ms)
			BeforeProcessingInitializeOnLoad (91ms)
			ProcessInitializeOnLoadAttributes (308ms)
			ProcessInitializeOnLoadMethodAttributes (34ms)
			AfterProcessingInitializeOnLoad (11ms)
			EditorAssembliesLoaded (0ms)
		ExecutionOrderSort2 (0ms)
		AwakeInstancesAfterBackupRestoration (13ms)
Refreshing native plugins compatible for Editor in 9.13 ms, found 4 plugins.
Preloading 0 native plugins for Editor in 0.00 ms.
Unloading 3995 Unused Serialized files (Serialized files now loaded: 0)
Unloading 25 unused Assets / (213.8 KB). Loaded Objects now: 4544.
Memory consumption went from 143.6 MB to 143.4 MB.
Total: 3.626200 ms (FindLiveObjects: 0.312600 ms CreateObjectMapping: 0.212600 ms MarkObjects: 2.912900 ms  DeleteObjects: 0.187300 ms)

Prepare: number of updated asset objects reloaded= 0
AssetImportParameters requested are different than current active one (requested -> active):
  custom:container-demuxer-ogg: 62fdf1f143b41e24485cea50d1cbac27 -> 
  custom:video-codec-MediaFoundation-h265: 746d11721c4dcdbdad8f713fa42b33f4 -> 
  custom:video-decoder-ogg-theora: a1e56fd34408186e4bbccfd4996cb3dc -> 
  custom:scripting/monoscript/fileName/Invader.cs: bc8018b0a4551e76ce57f1bfe4f45132 -> 
  custom:framework-win-MediaFoundation: 216162199b28c13a410421893ffa2e32 -> 
  custom:scripting/monoscript/fileName/Ball.cs: 049c2654812ca44acca88f91a5e04467 -> 
  custom:CustomObjectIndexerAttribute: 9a22284fe3817be447336de3de66b15e -> 
  custom:scripting/monoscript/fileName/P2.cs: dd5ec7a2fe4a274ca5f4a93e0edc5696 -> 
  custom:container-demuxer-webm: 4f35f7cbe854078d1ac9338744f61a02 -> 
  custom:scripting/monoscript/fileName/ReadmeEditorBE2.cs: 7c683de7920091651a1855ead847a9ed -> 
  custom:container-muxer-webm: aa71ff27fc2769a1b78a27578f13a17b -> 
  custom:video-decoder-webm-vp8: 9c59270c3fd7afecdb556c50c9e8de78 -> 
  custom:scripting/monoscript/fileName/P1.cs: 787115c302f06f7f2e7787d41b45b09f -> 
  custom:SearchIndexIgnoredProperties: e643bd26f0fe6173181afceb89e7c659 -> 
  custom:AudioImporter_EditorPlatform: d09bf68614088b80899f8185d706f6e7 -> 
  custom:video-encoder-webm-vp8: eb34c28f22e8b96e1ab97ce403110664 -> 
  custom:scripting/monoscript/fileName/player.cs: b1b0b99e0fbd8450a8ac2481988cbaeb -> 
  custom:audio-decoder-ogg-vorbis: bf7c407c2cedff20999df2af8eb42d56 -> 
  custom:audio-encoder-webm-vorbis: bf7c407c2cedff20999df2af8eb42d56 -> 
  custom:scripting/precompiled-assembly-types:Assembly-CSharp-Editor: 4625f14833293805eac6473e9ededd3d -> 
  custom:scripting/monoscript/fileName/Invaders.cs: 17af7eaa61d80138f512b3fb56ba472e -> 
  custom:scripting/monoscript/fileName/ReadmeBE2.cs: 58225e84b3d3bbd69cbb8d72823e69ce -> 
  custom:scripting/precompiled-assembly-types:Assembly-CSharp: e7d4ae71c9ecb51e478522f0fd1b6f1a -> 
========================================================================
Received Prepare
Caller must complete domain reload
Begin MonoManager ReloadAssembly
- Loaded All Assemblies, in  0.494 seconds
Native extension for UWP target not found
Native extension for WindowsStandalone target not found
Mono: successfully reloaded assembly
- Finished resetting the current domain, in  1.244 seconds
Domain Reload Profiling: 1732ms
	BeginReloadAssembly (160ms)
		ExecutionOrderSort (0ms)
		DisableScriptedObjects (11ms)
		BackupInstance (0ms)
		ReleaseScriptingObjects (0ms)
		CreateAndSetChildDomain (31ms)
	RebuildCommonClasses (33ms)
	RebuildNativeTypeToScriptingClass (8ms)
	initialDomainReloadingComplete (39ms)
	LoadAllAssembliesAndSetupDomain (249ms)
		LoadAssemblies (321ms)
		RebuildTransferFunctionScriptingTraits (0ms)
		AnalyzeDomain (13ms)
			TypeCache.Refresh (7ms)
				TypeCache.ScanAssembly (0ms)
			ScanForSourceGeneratedMonoScriptInfo (0ms)
			ResolveRequiredComponents (5ms)
	FinalizeReload (1244ms)
		ReleaseScriptCaches (0ms)
		RebuildScriptCaches (0ms)
		SetupLoadedEditorAssemblies (442ms)
			LogAssemblyErrors (0ms)
			InitializePlatformSupportModulesInManaged (9ms)
			SetLoadedEditorAssemblies (5ms)
			RefreshPlugins (0ms)
			BeforeProcessingInitializeOnLoad (87ms)
			ProcessInitializeOnLoadAttributes (301ms)
			ProcessInitializeOnLoadMethodAttributes (28ms)
			AfterProcessingInitializeOnLoad (11ms)
			EditorAssembliesLoaded (0ms)
		ExecutionOrderSort2 (0ms)
		AwakeInstancesAfterBackupRestoration (12ms)
Refreshing native plugins compatible for Editor in 9.03 ms, found 4 plugins.
Preloading 0 native plugins for Editor in 0.00 ms.
Unloading 4008 Unused Serialized files (Serialized files now loaded: 0)
Unloading 38 unused Assets / (0.9 MB). Loaded Objects now: 4548.
Memory consumption went from 147.5 MB to 146.5 MB.
Total: 4.375900 ms (FindLiveObjects: 0.361500 ms CreateObjectMapping: 0.266700 ms MarkObjects: 3.240600 ms  DeleteObjects: 0.505900 ms)

Prepare: number of updated asset objects reloaded= 0
AssetImportParameters requested are different than current active one (requested -> active):
  custom:container-demuxer-ogg: 62fdf1f143b41e24485cea50d1cbac27 -> 
  custom:video-codec-MediaFoundation-h265: 746d11721c4dcdbdad8f713fa42b33f4 -> 
  custom:video-decoder-ogg-theora: a1e56fd34408186e4bbccfd4996cb3dc -> 
  custom:scripting/monoscript/fileName/Invader.cs: bc8018b0a4551e76ce57f1bfe4f45132 -> 
  custom:framework-win-MediaFoundation: 216162199b28c13a410421893ffa2e32 -> 
  custom:scripting/monoscript/fileName/Ball.cs: 049c2654812ca44acca88f91a5e04467 -> 
  custom:CustomObjectIndexerAttribute: 9a22284fe3817be447336de3de66b15e -> 
  custom:scripting/monoscript/fileName/P2.cs: dd5ec7a2fe4a274ca5f4a93e0edc5696 -> 
  custom:container-demuxer-webm: 4f35f7cbe854078d1ac9338744f61a02 -> 
  custom:scripting/monoscript/fileName/ReadmeEditorBE2.cs: 7c683de7920091651a1855ead847a9ed -> 
  custom:container-muxer-webm: aa71ff27fc2769a1b78a27578f13a17b -> 
  custom:video-decoder-webm-vp8: 9c59270c3fd7afecdb556c50c9e8de78 -> 
  custom:scripting/monoscript/fileName/P1.cs: 787115c302f06f7f2e7787d41b45b09f -> 
  custom:SearchIndexIgnoredProperties: e643bd26f0fe6173181afceb89e7c659 -> 
  custom:AudioImporter_EditorPlatform: d09bf68614088b80899f8185d706f6e7 -> 
  custom:video-encoder-webm-vp8: eb34c28f22e8b96e1ab97ce403110664 -> 
  custom:scripting/monoscript/fileName/player.cs: b1b0b99e0fbd8450a8ac2481988cbaeb -> 
  custom:audio-decoder-ogg-vorbis: bf7c407c2cedff20999df2af8eb42d56 -> 
  custom:audio-encoder-webm-vorbis: bf7c407c2cedff20999df2af8eb42d56 -> 
  custom:scripting/precompiled-assembly-types:Assembly-CSharp-Editor: 4625f14833293805eac6473e9ededd3d -> 
  custom:scripting/monoscript/fileName/Invaders.cs: 17af7eaa61d80138f512b3fb56ba472e -> 
  custom:scripting/monoscript/fileName/ReadmeBE2.cs: 58225e84b3d3bbd69cbb8d72823e69ce -> 
  custom:scripting/precompiled-assembly-types:Assembly-CSharp: e7d4ae71c9ecb51e478522f0fd1b6f1a -> 
========================================================================
Received Prepare
Caller must complete domain reload
Begin MonoManager ReloadAssembly
- Loaded All Assemblies, in  0.500 seconds
Native extension for UWP target not found
Native extension for WindowsStandalone target not found
Mono: successfully reloaded assembly
- Finished resetting the current domain, in  1.313 seconds
Domain Reload Profiling: 1808ms
	BeginReloadAssembly (165ms)
		ExecutionOrderSort (0ms)
		DisableScriptedObjects (10ms)
		BackupInstance (0ms)
		ReleaseScriptingObjects (0ms)
		CreateAndSetChildDomain (37ms)
	RebuildCommonClasses (28ms)
	RebuildNativeTypeToScriptingClass (9ms)
	initialDomainReloadingComplete (33ms)
	LoadAllAssembliesAndSetupDomain (260ms)
		LoadAssemblies (334ms)
		RebuildTransferFunctionScriptingTraits (0ms)
		AnalyzeDomain (13ms)
			TypeCache.Refresh (6ms)
				TypeCache.ScanAssembly (0ms)
			ScanForSourceGeneratedMonoScriptInfo (0ms)
			ResolveRequiredComponents (5ms)
	FinalizeReload (1314ms)
		ReleaseScriptCaches (0ms)
		RebuildScriptCaches (0ms)
		SetupLoadedEditorAssemblies (461ms)
			LogAssemblyErrors (0ms)
			InitializePlatformSupportModulesInManaged (9ms)
			SetLoadedEditorAssemblies (5ms)
			RefreshPlugins (0ms)
			BeforeProcessingInitializeOnLoad (86ms)
			ProcessInitializeOnLoadAttributes (312ms)
			ProcessInitializeOnLoadMethodAttributes (36ms)
			AfterProcessingInitializeOnLoad (12ms)
			EditorAssembliesLoaded (0ms)
		ExecutionOrderSort2 (0ms)
		AwakeInstancesAfterBackupRestoration (13ms)
Refreshing native plugins compatible for Editor in 10.33 ms, found 4 plugins.
Preloading 0 native plugins for Editor in 0.00 ms.
Unloading 4008 Unused Serialized files (Serialized files now loaded: 0)
Unloading 38 unused Assets / (0.9 MB). Loaded Objects now: 4552.
Memory consumption went from 147.5 MB to 146.6 MB.
Total: 5.305300 ms (FindLiveObjects: 0.323100 ms CreateObjectMapping: 0.253300 ms MarkObjects: 4.048900 ms  DeleteObjects: 0.678900 ms)

Prepare: number of updated asset objects reloaded= 0
AssetImportParameters requested are different than current active one (requested -> active):
  custom:container-demuxer-ogg: 62fdf1f143b41e24485cea50d1cbac27 -> 
  custom:video-codec-MediaFoundation-h265: 746d11721c4dcdbdad8f713fa42b33f4 -> 
  custom:video-decoder-ogg-theora: a1e56fd34408186e4bbccfd4996cb3dc -> 
  custom:scripting/monoscript/fileName/Invader.cs: bc8018b0a4551e76ce57f1bfe4f45132 -> 
  custom:framework-win-MediaFoundation: 216162199b28c13a410421893ffa2e32 -> 
  custom:scripting/monoscript/fileName/Ball.cs: 049c2654812ca44acca88f91a5e04467 -> 
  custom:CustomObjectIndexerAttribute: 9a22284fe3817be447336de3de66b15e -> 
  custom:scripting/monoscript/fileName/P2.cs: dd5ec7a2fe4a274ca5f4a93e0edc5696 -> 
  custom:container-demuxer-webm: 4f35f7cbe854078d1ac9338744f61a02 -> 
  custom:scripting/monoscript/fileName/ReadmeEditorBE2.cs: 7c683de7920091651a1855ead847a9ed -> 
  custom:container-muxer-webm: aa71ff27fc2769a1b78a27578f13a17b -> 
  custom:video-decoder-webm-vp8: 9c59270c3fd7afecdb556c50c9e8de78 -> 
  custom:scripting/monoscript/fileName/P1.cs: 787115c302f06f7f2e7787d41b45b09f -> 
  custom:SearchIndexIgnoredProperties: e643bd26f0fe6173181afceb89e7c659 -> 
  custom:AudioImporter_EditorPlatform: d09bf68614088b80899f8185d706f6e7 -> 
  custom:video-encoder-webm-vp8: eb34c28f22e8b96e1ab97ce403110664 -> 
  custom:scripting/monoscript/fileName/player.cs: b1b0b99e0fbd8450a8ac2481988cbaeb -> 
  custom:audio-decoder-ogg-vorbis: bf7c407c2cedff20999df2af8eb42d56 -> 
  custom:audio-encoder-webm-vorbis: bf7c407c2cedff20999df2af8eb42d56 -> 
  custom:scripting/precompiled-assembly-types:Assembly-CSharp-Editor: 4625f14833293805eac6473e9ededd3d -> 
  custom:scripting/monoscript/fileName/Invaders.cs: 17af7eaa61d80138f512b3fb56ba472e -> 
  custom:scripting/monoscript/fileName/ReadmeBE2.cs: 58225e84b3d3bbd69cbb8d72823e69ce -> 
  custom:scripting/precompiled-assembly-types:Assembly-CSharp: e7d4ae71c9ecb51e478522f0fd1b6f1a -> 
========================================================================
Received Prepare
Caller must complete domain reload
Begin MonoManager ReloadAssembly
- Loaded All Assemblies, in  0.601 seconds
Native extension for UWP target not found
Native extension for WindowsStandalone target not found
Mono: successfully reloaded assembly
- Finished resetting the current domain, in  1.481 seconds
Domain Reload Profiling: 2077ms
	BeginReloadAssembly (180ms)
		ExecutionOrderSort (0ms)
		DisableScriptedObjects (14ms)
		BackupInstance (0ms)
		ReleaseScriptingObjects (0ms)
		CreateAndSetChildDomain (38ms)
	RebuildCommonClasses (39ms)
	RebuildNativeTypeToScriptingClass (11ms)
	initialDomainReloadingComplete (48ms)
	LoadAllAssembliesAndSetupDomain (318ms)
		LoadAssemblies (386ms)
		RebuildTransferFunctionScriptingTraits (0ms)
		AnalyzeDomain (21ms)
			TypeCache.Refresh (13ms)
				TypeCache.ScanAssembly (0ms)
			ScanForSourceGeneratedMonoScriptInfo (0ms)
			ResolveRequiredComponents (7ms)
	FinalizeReload (1481ms)
		ReleaseScriptCaches (0ms)
		RebuildScriptCaches (0ms)
		SetupLoadedEditorAssemblies (458ms)
			LogAssemblyErrors (0ms)
			InitializePlatformSupportModulesInManaged (10ms)
			SetLoadedEditorAssemblies (5ms)
			RefreshPlugins (0ms)
			BeforeProcessingInitializeOnLoad (87ms)
			ProcessInitializeOnLoadAttributes (308ms)
			ProcessInitializeOnLoadMethodAttributes (33ms)
			AfterProcessingInitializeOnLoad (15ms)
			EditorAssembliesLoaded (0ms)
		ExecutionOrderSort2 (0ms)
		AwakeInstancesAfterBackupRestoration (13ms)
Refreshing native plugins compatible for Editor in 8.84 ms, found 4 plugins.
Preloading 0 native plugins for Editor in 0.00 ms.
Unloading 4008 Unused Serialized files (Serialized files now loaded: 0)
Unloading 38 unused Assets / (0.9 MB). Loaded Objects now: 4556.
Memory consumption went from 147.5 MB to 146.6 MB.
Total: 4.146800 ms (FindLiveObjects: 0.321800 ms CreateObjectMapping: 0.233600 ms MarkObjects: 3.064600 ms  DeleteObjects: 0.525900 ms)

Prepare: number of updated asset objects reloaded= 0
AssetImportParameters requested are different than current active one (requested -> active):
  custom:container-demuxer-ogg: 62fdf1f143b41e24485cea50d1cbac27 -> 
  custom:video-codec-MediaFoundation-h265: 746d11721c4dcdbdad8f713fa42b33f4 -> 
  custom:video-decoder-ogg-theora: a1e56fd34408186e4bbccfd4996cb3dc -> 
  custom:scripting/monoscript/fileName/Invader.cs: bc8018b0a4551e76ce57f1bfe4f45132 -> 
  custom:framework-win-MediaFoundation: 216162199b28c13a410421893ffa2e32 -> 
  custom:scripting/monoscript/fileName/Ball.cs: 049c2654812ca44acca88f91a5e04467 -> 
  custom:CustomObjectIndexerAttribute: 9a22284fe3817be447336de3de66b15e -> 
  custom:scripting/monoscript/fileName/P2.cs: dd5ec7a2fe4a274ca5f4a93e0edc5696 -> 
  custom:container-demuxer-webm: 4f35f7cbe854078d1ac9338744f61a02 -> 
  custom:scripting/monoscript/fileName/ReadmeEditorBE2.cs: 7c683de7920091651a1855ead847a9ed -> 
  custom:container-muxer-webm: aa71ff27fc2769a1b78a27578f13a17b -> 
  custom:video-decoder-webm-vp8: 9c59270c3fd7afecdb556c50c9e8de78 -> 
  custom:scripting/monoscript/fileName/P1.cs: 787115c302f06f7f2e7787d41b45b09f -> 
  custom:SearchIndexIgnoredProperties: e643bd26f0fe6173181afceb89e7c659 -> 
  custom:AudioImporter_EditorPlatform: d09bf68614088b80899f8185d706f6e7 -> 
  custom:video-encoder-webm-vp8: eb34c28f22e8b96e1ab97ce403110664 -> 
  custom:scripting/monoscript/fileName/player.cs: b1b0b99e0fbd8450a8ac2481988cbaeb -> 
  custom:audio-decoder-ogg-vorbis: bf7c407c2cedff20999df2af8eb42d56 -> 
  custom:audio-encoder-webm-vorbis: bf7c407c2cedff20999df2af8eb42d56 -> 
  custom:scripting/precompiled-assembly-types:Assembly-CSharp-Editor: 4625f14833293805eac6473e9ededd3d -> 
  custom:scripting/monoscript/fileName/Invaders.cs: 17af7eaa61d80138f512b3fb56ba472e -> 
  custom:scripting/monoscript/fileName/ReadmeBE2.cs: 58225e84b3d3bbd69cbb8d72823e69ce -> 
  custom:scripting/precompiled-assembly-types:Assembly-CSharp: e7d4ae71c9ecb51e478522f0fd1b6f1a -> 
